"lon";"lat";"species";"datasetKey";"reference";"ID";"sst_mean";"sst_range";"ph_mean";"dissolved_oxygen";"bathymetry_mean";"cell";"sp"
-81.888308;24.459221;"Epinephelus itajara";"50c9509d-22c7-4a22-a47d-8c48425ef4a7";"GBIF";1;26.8970683778086;10.0174194270266;8.05740934940481;207.051952938387;-8.94444465637207;2220674;1
-48.36106;-25.733446;"Epinephelus itajara";"50c9509d-22c7-4a22-a47d-8c48425ef4a7";"GBIF";3;23.302983687997;12.6466718186496;8.06576300225683;221.145647324086;-11.3055553436279;7643948;1
-80.207636;25.020464;"Epinephelus itajara";"50c9509d-22c7-4a22-a47d-8c48425ef4a7";"GBIF";4;27.1050619331395;7.86967079982581;8.05749933871095;205.066200376466;-152.555557250977;2161296;1
-79.62982;26.740706;"Epinephelus itajara";"50c9509d-22c7-4a22-a47d-8c48425ef4a7";"GBIF";5;27.5289249527578;6.18876029341481;8.05560360518518;204.825527994694;-662.5;1977674;1
-82.867333;24.738623;"Epinephelus itajara";"50c9509d-22c7-4a22-a47d-8c48425ef4a7";"GBIF";7;26.4982243157244;11.1039708588376;8.06184117084453;208.021513719145;-25;2193649;1
-80.27908;25.13627;"Epinephelus itajara";"50c9509d-22c7-4a22-a47d-8c48425ef4a7";"GBIF";8;26.9334748556755;8.87635916813853;8.05894160165579;205.203472235147;-19.5555553436279;2150493;1
-80.8292;25.028352;"Epinephelus itajara";"50c9509d-22c7-4a22-a47d-8c48425ef4a7";"GBIF";9;26.7844458948776;12.390631070162;8.05272367255714;205.456006611992;-2;2161284;1
-81.943512;26.099276;"Epinephelus itajara";"50c9509d-22c7-4a22-a47d-8c48425ef4a7";"GBIF";10;25.8149369075717;15.0747667719579;8.05361042431376;211.686092393665;-9.30555534362793;2047841;1
-82.658953;27.62912;"Epinephelus itajara";"50c9509d-22c7-4a22-a47d-8c48425ef4a7";"GBIF";12;24.7706765958694;17.4717992295433;8.05566179613107;215.826636635419;-4.83333349227905;1880395;1
-80.616299;24.959909;"Epinephelus itajara";"50c9509d-22c7-4a22-a47d-8c48425ef4a7";"GBIF";14;26.9002376698642;10.3463346111748;8.05470346950879;205.224895769473;-1.83333337306976;2166689;1
-80.716061;24.975917;"Epinephelus itajara";"50c9509d-22c7-4a22-a47d-8c48425ef4a7";"GBIF";15;26.8755116272859;11.2929757937533;8.05250797544317;205.267158040713;-1.91666662693024;2166687;1
-80.764836;24.971063;"Epinephelus itajara";"50c9509d-22c7-4a22-a47d-8c48425ef4a7";"GBIF";16;26.860253833927;11.5576477460421;8.05247594321228;205.274042015636;-2;2166686;1
-82.597642;27.194108;"Epinephelus itajara";"50c9509d-22c7-4a22-a47d-8c48425ef4a7";"GBIF";18;25.0529995904097;16.5664568371609;8.05680285591175;214.493874892077;-9.72222232818604;1929006;1
-78.833364;20.890714;"Epinephelus itajara";"50c9509d-22c7-4a22-a47d-8c48425ef4a7";"GBIF";19;28.1084760823757;6.54816356033379;8.05690385983631;201.982599441453;-12.277777671814;2609607;1
-80.707923;24.814785;"Epinephelus itajara";"50c9509d-22c7-4a22-a47d-8c48425ef4a7";"GBIF";20;27.031686378178;9.67172635136167;8.05428709945437;205.301142610125;-4.72222232818604;2182890;1
-80.941761;24.866315;"Epinephelus itajara";"50c9509d-22c7-4a22-a47d-8c48425ef4a7";"GBIF";21;26.9011864299047;11.5040372458364;8.05383472831119;205.623129888716;-2;2177485;1
-82.951074;24.761131;"Epinephelus itajara";"50c9509d-22c7-4a22-a47d-8c48425ef4a7";"GBIF";22;26.508741296278;11.0195360421369;8.06248232840493;208.17945183583;-44.9722213745117;2188246;1
-80.741632;24.852348;"Epinephelus itajara";"50c9509d-22c7-4a22-a47d-8c48425ef4a7";"GBIF";23;27.0045482578604;10.0189514379;8.0539530054809;205.304437682701;-0.555555582046509;2177489;1
-80.559539;25.036463;"Epinephelus itajara";"50c9509d-22c7-4a22-a47d-8c48425ef4a7";"GBIF";24;26.8545048587782;10.35980198038;8.05617899675728;205.176781668075;-1.91666662693024;2161289;1
-82.511879;26.476203;"Epinephelus itajara";"50c9509d-22c7-4a22-a47d-8c48425ef4a7";"GBIF";25;25.3683716310055;14.7042596872544;8.05843931219267;213.197153945703;-21.8611106872559;2004621;1
-80.651687;24.991401;"Epinephelus itajara";"50c9509d-22c7-4a22-a47d-8c48425ef4a7";"GBIF";27;26.904543644384;10.7358089296961;8.05334874708904;205.270901852349;-1.58333337306976;2166688;1
-80.578834;25.051116;"Epinephelus itajara";"50c9509d-22c7-4a22-a47d-8c48425ef4a7";"GBIF";28;26.7697371967515;11.7603907660437;8.05608891068154;205.188833690706;-2;2155888;1
-82.537734;26.594456;"Epinephelus itajara";"50c9509d-22c7-4a22-a47d-8c48425ef4a7";"GBIF";29;25.3275567194542;14.8742304574456;8.05846815356576;213.23246099868;-19.9722213745117;1993819;1
-80.005581;26.722696;"Epinephelus itajara";"50c9509d-22c7-4a22-a47d-8c48425ef4a7";"GBIF";30;26.9938810608709;8.17934004545225;8.05637352139069;205.607031688909;-13.8611106872559;1977666;1
-85.74092;30.063073;"Epinephelus itajara";"50c9509d-22c7-4a22-a47d-8c48425ef4a7";"GBIF";31;23.3808853497631;15.5227865580999;8.07108362663826;221.617388820593;-16.0555553436279;1615685;1
-85.784682;30.135626;"Epinephelus itajara";"50c9509d-22c7-4a22-a47d-8c48425ef4a7";"GBIF";32;23.3786367570132;15.6094655844674;8.07138041668606;221.520488570284;-14.6388893127441;1610283;1
-81.313769;24.725839;"Epinephelus itajara";"50c9509d-22c7-4a22-a47d-8c48425ef4a7";"GBIF";33;26.8761859472264;11.1539184204168;8.05490692797574;205.665646978205;-0.666666686534882;2193680;1
-80.32963;25.197508;"Epinephelus itajara";"50c9509d-22c7-4a22-a47d-8c48425ef4a7";"GBIF";34;26.8269940718303;10.6894959053837;8.06034480026122;205.422422061731;-3.22222232818604;2145091;1
-82.836806;24.725769;"Epinephelus itajara";"50c9509d-22c7-4a22-a47d-8c48425ef4a7";"GBIF";35;26.4889359052133;11.1660176337753;8.06111621337499;207.878964817711;-19.2222213745117;2193650;1
-80.805206;29.101409;"Epinephelus itajara";"50c9509d-22c7-4a22-a47d-8c48425ef4a7";"GBIF";37;24.4394556289745;12.4637568598136;8.08258819869764;213.047704247929;-19.25;1718402;1
-80.486506;25.077582;"Epinephelus itajara";"50c9509d-22c7-4a22-a47d-8c48425ef4a7";"GBIF";38;26.8006835345852;10.6161204956338;8.0568249771405;205.158887536727;-0.277777791023254;2155890;1
-87.184727;20.516408;"Epinephelus itajara";"50c9509d-22c7-4a22-a47d-8c48425ef4a7";"GBIF";40;27.7969743001805;3.98425063271;8.04833860253647;202.608527877407;-61.1666679382324;2647247;1
-81.494345;19.240636;"Epinephelus itajara";"50c9509d-22c7-4a22-a47d-8c48425ef4a7";"GBIF";41;28.2466307198025;4.82879586797167;8.0522392220477;201.706829599958;-1361.83337402344;2787787;1
-80.524493;24.945559;"Epinephelus itajara";"50c9509d-22c7-4a22-a47d-8c48425ef4a7";"GBIF";42;26.9958739040095;8.57579900209073;8.05625955328803;205.13423732895;-8.5;2172092;1
-80.357395;25.011289;"Epinephelus itajara";"50c9509d-22c7-4a22-a47d-8c48425ef4a7";"GBIF";43;26.9110348394213;8.73921868989472;8.05726593820571;205.128601895776;-10.8055553436279;2161293;1
-80.243537;25.172404;"Epinephelus itajara";"50c9509d-22c7-4a22-a47d-8c48425ef4a7";"GBIF";47;26.910036569178;8.78804730420408;8.0607457936041;205.430111078135;-29.8888893127441;2145093;1
-82.286279;26.848793;"Epinephelus itajara";"50c9509d-22c7-4a22-a47d-8c48425ef4a7";"GBIF";48;25.3996078971445;16.058886596681;8.05645593533296;213.446184396178;-0.222222223877907;1966819;1
-80.020793;26.782452;"Epinephelus itajara";"50c9509d-22c7-4a22-a47d-8c48425ef4a7";"GBIF";49;26.9197795632328;8.34037238845147;8.05636812575341;205.608538171216;-10;1972265;1
-83.167957;27.947445;"Epinephelus itajara";"50c9509d-22c7-4a22-a47d-8c48425ef4a7";"GBIF";51;24.4410395176353;16.6166354927755;8.06030990534453;217.371547961672;-21.0555553436279;1847979;1
-82.629714;27.595657;"Epinephelus itajara";"50c9509d-22c7-4a22-a47d-8c48425ef4a7";"GBIF";52;24.8168548523873;17.3152020410063;8.05569660482391;215.745268879877;-1.55555558204651;1885797;1
-80.773316;24.937988;"Epinephelus itajara";"50c9509d-22c7-4a22-a47d-8c48425ef4a7";"GBIF";53;26.9474907786427;10.6711846383623;8.05312345857684;205.31398578607;-1.72222220897675;2172087;1
-81.685014;24.427129;"Epinephelus itajara";"50c9509d-22c7-4a22-a47d-8c48425ef4a7";"GBIF";56;27.0312084482911;8.39471792624577;8.05697513846296;206.562854511965;-129.111114501953;2226079;1
-80.97901;24.771436;"Epinephelus itajara";"50c9509d-22c7-4a22-a47d-8c48425ef4a7";"GBIF";57;26.9410974907805;10.932671390516;8.0556374860249;205.563126763612;-1.13888883590698;2188286;1
-80.943775;24.908055;"Epinephelus itajara";"50c9509d-22c7-4a22-a47d-8c48425ef4a7";"GBIF";59;26.8694634116109;11.95250744759;8.05311971770426;205.782365312925;-2;2172084;1
-81.610087;25.848484;"Epinephelus itajara";"50c9509d-22c7-4a22-a47d-8c48425ef4a7";"GBIF";60;26.0089746744917;14.8679894479399;8.05188072766721;210.649663143551;-2.02777767181396;2074852;1
-82.873357;24.667096;"Epinephelus itajara";"50c9509d-22c7-4a22-a47d-8c48425ef4a7";"GBIF";61;26.524040400582;10.9163528022492;8.06184253620293;207.939136174177;-12.1944446563721;2199050;1
-85.664738;30.061397;"Epinephelus itajara";"50c9509d-22c7-4a22-a47d-8c48425ef4a7";"GBIF";62;23.3352198380358;15.9462821247602;8.07100694454035;221.581409880961;-9.25;1615686;1
-81.090725;25.076744;"Epinephelus itajara";"50c9509d-22c7-4a22-a47d-8c48425ef4a7";"GBIF";66;26.6159313047803;13.1566036809419;8.05236841071478;206.249690398446;-2;2155878;1
-80.519705;25.139715;"Epinephelus itajara";"50c9509d-22c7-4a22-a47d-8c48425ef4a7";"GBIF";68;26.739849578773;11.6195843828279;8.05661828592952;205.199746674099;-2;2150488;1
-81.739617;24.484616;"Epinephelus itajara";"50c9509d-22c7-4a22-a47d-8c48425ef4a7";"GBIF";69;26.9593560780125;9.40645731746146;8.05704576799181;206.931167143445;-24.4722213745117;2220677;1
-80.789738;24.880948;"Epinephelus itajara";"50c9509d-22c7-4a22-a47d-8c48425ef4a7";"GBIF";70;26.9888929788358;10.2334418166204;8.05383842688887;205.335004400943;-2.11111116409302;2177488;1
-81.195153;24.933813;"Epinephelus itajara";"50c9509d-22c7-4a22-a47d-8c48425ef4a7";"GBIF";71;26.7770393721816;12.4951370864844;8.05286617684425;206.067430077443;-2.58333325386047;2172079;1
-81.592388;24.42799;"Epinephelus itajara";"50c9509d-22c7-4a22-a47d-8c48425ef4a7";"GBIF";72;27.0380308631277;8.31464365457844;8.05685699925742;206.12812081336;-157.08332824707;2226081;1
-81.981362;24.454377;"Epinephelus itajara";"50c9509d-22c7-4a22-a47d-8c48425ef4a7";"GBIF";73;26.8784004292539;9.94495212046943;8.05812419041491;207.39112185486;-12.3888893127441;2220672;1
-81.369272;24.619255;"Epinephelus itajara";"50c9509d-22c7-4a22-a47d-8c48425ef4a7";"GBIF";74;26.9541417194386;9.81445229258064;8.05630474620395;205.789995405409;-3.66666674613953;2204481;1
-81.578047;24.55365;"Epinephelus itajara";"50c9509d-22c7-4a22-a47d-8c48425ef4a7";"GBIF";76;26.8860781956771;10.0542601985522;8.05671489117023;206.467887514333;-5;2209878;1
-80.976175;24.665761;"Epinephelus itajara";"50c9509d-22c7-4a22-a47d-8c48425ef4a7";"GBIF";78;27.0001563240554;9.3095905226421;8.0559207548547;205.517667759058;-14.3333330154419;2199088;1
-80.234506;25.086623;"Epinephelus itajara";"50c9509d-22c7-4a22-a47d-8c48425ef4a7";"GBIF";79;27.0454346766147;8.1230697785463;8.05782893557685;205.086708788288;-112.444442749023;2155895;1
-81.468973;25.869224;"Epinephelus itajara";"50c9509d-22c7-4a22-a47d-8c48425ef4a7";"GBIF";82;26.0251642637909;14.98676667168;8.05050909879048;210.248935742286;0;2069454;1
-80.038118;26.8578;"Epinephelus itajara";"50c9509d-22c7-4a22-a47d-8c48425ef4a7";"GBIF";83;26.4686582172893;8.77743040185944;8.05708306356727;205.607111345339;-18.5;1961463;1
-81.400568;24.629299;"Epinephelus itajara";"50c9509d-22c7-4a22-a47d-8c48425ef4a7";"GBIF";84;26.9428458731072;9.90988597856635;8.05644295356023;206.170352303892;-2.44444441795349;2204480;1
-80.439663;28.523622;"Epinephelus itajara";"50c9509d-22c7-4a22-a47d-8c48425ef4a7";"GBIF";85;24.9968265283113;10.5984428458393;8.07945431951201;211.874142495123;-12.777777671814;1783222;1
-81.954208;26.270433;"Epinephelus itajara";"50c9509d-22c7-4a22-a47d-8c48425ef4a7";"GBIF";86;25.7283574919229;15.2973198798982;8.05303774853931;211.840669385763;-10.277777671814;2026236;1
-81.582067;25.879436;"Epinephelus itajara";"50c9509d-22c7-4a22-a47d-8c48425ef4a7";"GBIF";88;25.9993863324946;14.9619868817994;8.05141994894902;210.53490227863;0;2069452;1
-82.900353;24.788462;"Epinephelus itajara";"50c9509d-22c7-4a22-a47d-8c48425ef4a7";"GBIF";91;26.4979591702587;11.1226408188803;8.06230475614013;208.15845185615;-41.4722213745117;2188247;1
-82.557823;27.115906;"Epinephelus itajara";"50c9509d-22c7-4a22-a47d-8c48425ef4a7";"GBIF";92;25.0840753414338;16.4149716443796;8.05659352154608;214.231431137611;-11.222222328186;1934407;1
-80.953136;24.736355;"Epinephelus itajara";"50c9509d-22c7-4a22-a47d-8c48425ef4a7";"GBIF";93;26.9602345997306;10.4639510502286;8.05572691303762;205.556986190962;-3.58333325386047;2193687;1
-81.182868;24.699992;"Epinephelus itajara";"50c9509d-22c7-4a22-a47d-8c48425ef4a7";"GBIF";94;26.9727084766019;10.2064397848832;8.05544408852659;205.631049896881;-4.55555534362793;2199084;1
-83.275318;14.062379;"Epinephelus itajara";"50c9509d-22c7-4a22-a47d-8c48425ef4a7";"GBIF";97;28.3647651909411;4.49233571214912;8.03853227056725;200.464958122677;-12.027777671814;3344054;1
-85.74692;30.10079;"Epinephelus itajara";"50c9509d-22c7-4a22-a47d-8c48425ef4a7";"GBIF";98;23.3672380924422;15.7155647399259;8.07121768207241;221.540318203395;-2.27777767181396;1610284;1
-79.040968;20.812195;"Epinephelus itajara";"50c9509d-22c7-4a22-a47d-8c48425ef4a7";"GBIF";99;28.1268266113236;5.86541462871137;8.05700938091502;202.045344609611;-264.888885498047;2615004;1
-78.918861;20.637877;"Epinephelus itajara";"50c9509d-22c7-4a22-a47d-8c48425ef4a7";"GBIF";100;28.1861061326444;4.93016359982753;8.05671598302946;202.082111300125;-2290.66674804688;2636610;1
-78.963218;20.963849;"Epinephelus itajara";"50c9509d-22c7-4a22-a47d-8c48425ef4a7";"GBIF";101;28.0889338682611;6.57680155698569;8.05745982484284;201.989957409243;-19.5;2598802;1
-78.938954;20.997299;"Epinephelus itajara";"50c9509d-22c7-4a22-a47d-8c48425ef4a7";"GBIF";103;28.0824034401384;6.66871015384756;8.0573491354141;201.990952976967;-18.0277786254883;2598803;1
-78.845765;20.719491;"Epinephelus itajara";"50c9509d-22c7-4a22-a47d-8c48425ef4a7";"GBIF";104;28.1488842177986;5.84706402990185;8.05673797133417;201.999439551646;-439.777770996094;2625810;1
-81.238361;29.858423;"Epinephelus itajara";"50c9509d-22c7-4a22-a47d-8c48425ef4a7";"GBIF";106;23.4113135521675;15.19851555936;8.08978179868482;216.852237952006;-14.3888893127441;1637379;1
-80.180412;27.160391;"Epinephelus itajara";"50c9509d-22c7-4a22-a47d-8c48425ef4a7";"GBIF";107;25.4147044674781;8.80364568669281;8.06141845791385;206.407645705307;0;1929054;1
-80.061236;27.187335;"Epinephelus itajara";"50c9509d-22c7-4a22-a47d-8c48425ef4a7";"GBIF";109;25.4285250082046;8.28686066983309;8.06001098316395;206.068079706516;-15.1666669845581;1929056;1
-51.924185;4.894663;"Epinephelus itajara";"50c9509d-22c7-4a22-a47d-8c48425ef4a7";"GBIF";110;27.9260267151194;2.82932511099514;8.01113402863175;211.94139884794;-13.277777671814;4338465;1
-81.944837;24.630448;"Epinephelus itajara";"50c9509d-22c7-4a22-a47d-8c48425ef4a7";"GBIF";111;26.6856760004063;11.5865365480079;8.05774732511373;207.762775373028;-3.86111116409302;2204470;1
-80.812335;24.866876;"Epinephelus itajara";"50c9509d-22c7-4a22-a47d-8c48425ef4a7";"GBIF";112;26.9548713391656;10.7314619442028;8.05387872265494;205.389735728203;-2;2177487;1
-78.85046;20.916998;"Epinephelus itajara";"50c9509d-22c7-4a22-a47d-8c48425ef4a7";"GBIF";113;28.0954927900108;6.59584284074089;8.05714940025105;201.987146134065;-18.8333339691162;2604205;1
-80.60362;24.883951;"Epinephelus itajara";"50c9509d-22c7-4a22-a47d-8c48425ef4a7";"GBIF";115;27.0365272861411;9.03040806908283;8.05510384386236;205.161734841087;-3.80555558204651;2177491;1
-80.045214;26.213998;"Epinephelus itajara";"50c9509d-22c7-4a22-a47d-8c48425ef4a7";"GBIF";117;27.0885263451805;8.00605184400408;8.0568561336357;205.413258340013;-179.611114501953;2031676;1
-81.535484;24.753835;"Epinephelus itajara";"50c9509d-22c7-4a22-a47d-8c48425ef4a7";"GBIF";118;26.7243797042753;12.2229746480639;8.05500160400932;206.839238388423;-3.16666674613953;2188275;1
-82.579288;26.88576;"Epinephelus itajara";"50c9509d-22c7-4a22-a47d-8c48425ef4a7";"GBIF";121;25.2111488430795;15.5550795537711;8.05717696299364;213.811080112367;-17.9166660308838;1961412;1
-82.522131;27.743862;"Epinephelus itajara";"50c9509d-22c7-4a22-a47d-8c48425ef4a7";"GBIF";122;24.7829368073004;17.2966430433814;8.05417332340535;216.374629721174;-3.08333325386047;1869596;1
-80.566003;24.984374;"Epinephelus itajara";"50c9509d-22c7-4a22-a47d-8c48425ef4a7";"GBIF";124;26.9053837573906;9.74515947897651;8.05599476632807;205.152738346982;0;2166690;1
-81.714195;25.838025;"Epinephelus itajara";"50c9509d-22c7-4a22-a47d-8c48425ef4a7";"GBIF";126;25.9742847271187;14.7533419893414;8.05289905348536;210.962470940346;-4.97222232818604;2074850;1
-80.466309;24.981507;"Epinephelus itajara";"50c9509d-22c7-4a22-a47d-8c48425ef4a7";"GBIF";128;26.9079599868532;9.01879309071172;8.05664050485395;205.148277551285;-5.72222232818604;2166692;1
-81.216345;24.746276;"Epinephelus itajara";"50c9509d-22c7-4a22-a47d-8c48425ef4a7";"GBIF";130;26.9128991470146;10.7745455014052;8.05484270558571;205.516487906346;-2.16666674613953;2193682;1
-81.025039;24.665677;"Epinephelus itajara";"50c9509d-22c7-4a22-a47d-8c48425ef4a7";"GBIF";131;26.996366616242;9.46807107579564;8.0559302752355;205.532497733253;-8.27777767181396;2199087;1
-81.752791;24.538184;"Epinephelus itajara";"50c9509d-22c7-4a22-a47d-8c48425ef4a7";"GBIF";132;26.9101993393598;10.0365879678257;8.05706327033579;206.99111956682;-6.66666650772095;2215275;1
-80.83561;24.75929;"Epinephelus itajara";"50c9509d-22c7-4a22-a47d-8c48425ef4a7";"GBIF";133;27.0114894364715;9.76612872535115;8.05445356634592;205.332676195132;-5.02777767181396;2188289;1
-80.82135;24.704632;"Epinephelus itajara";"50c9509d-22c7-4a22-a47d-8c48425ef4a7";"GBIF";134;27.0288525452681;9.37296920866907;8.05479692040859;205.305401212892;-20.8888893127441;2193690;1
-81.653558;24.482989;"Epinephelus itajara";"50c9509d-22c7-4a22-a47d-8c48425ef4a7";"GBIF";135;26.9723374041427;9.12413739724562;8.05699479122094;206.757867866729;-40.4444427490234;2220678;1
-80.410823;25.186221;"Epinephelus itajara";"50c9509d-22c7-4a22-a47d-8c48425ef4a7";"GBIF";137;26.7267316538685;11.4695996888053;8.05875735379794;205.396410828098;-1.33333337306976;2145089;1
-80.459516;25.004091;"Epinephelus itajara";"50c9509d-22c7-4a22-a47d-8c48425ef4a7";"GBIF";138;26.8704050306267;9.45865341713353;8.05673008192432;205.1533227372;-1.80555558204651;2161291;1
-81.59388;24.702752;"Epinephelus itajara";"50c9509d-22c7-4a22-a47d-8c48425ef4a7";"GBIF";139;26.6828921642018;12.0818067928223;8.05587223615571;207.035972844085;-1.58333337306976;2193675;1
-68.251729;12.315306;"Epinephelus itajara";"50c9509d-22c7-4a22-a47d-8c48425ef4a7";"GBIF";141;27.8869990644297;4.09291720532864;8.03505602301011;203.335068915686;-1043.72216796875;3533389;1
-78.902234;20.858438;"Epinephelus itajara";"50c9509d-22c7-4a22-a47d-8c48425ef4a7";"GBIF";143;28.1103875748883;6.40634714979523;8.05710717525193;202.0140524234;-12;2609605;1
-78.971987;20.91464;"Epinephelus itajara";"50c9509d-22c7-4a22-a47d-8c48425ef4a7";"GBIF";144;28.1072662214102;6.43791040330302;8.05732072241407;202.002941808239;-17.0833339691162;2604203;1
-80.651387;24.856579;"Epinephelus itajara";"50c9509d-22c7-4a22-a47d-8c48425ef4a7";"GBIF";146;27.0330633382221;9.50895993563844;8.05430064185913;205.277178179655;-2.36111116409302;2177490;1
-80.742189;24.912101;"Epinephelus itajara";"50c9509d-22c7-4a22-a47d-8c48425ef4a7";"GBIF";148;26.9660225494416;10.3767228383713;8.05322478631563;205.29038975134;-1.86111116409302;2172088;1
-81.485728;24.66791;"Epinephelus itajara";"50c9509d-22c7-4a22-a47d-8c48425ef4a7";"GBIF";149;26.8066658640367;11.3637130309487;8.05608396024839;206.405536430393;-0.0277777779847383;2199078;1
-80.028576;26.975367;"Epinephelus itajara";"50c9509d-22c7-4a22-a47d-8c48425ef4a7";"GBIF";150;26.0053458562764;8.64113525813429;8.0576851032144;205.705239167194;-21.4444446563721;1950661;1
-78.909784;20.947988;"Epinephelus itajara";"50c9509d-22c7-4a22-a47d-8c48425ef4a7";"GBIF";152;28.1039389452264;6.52738124195449;8.05725182083488;201.995504737377;-17.8333339691162;2604204;1
-80.126887;27.189695;"Epinephelus itajara";"50c9509d-22c7-4a22-a47d-8c48425ef4a7";"GBIF";153;25.4393684667847;8.50495310244311;8.06061523195407;206.204124350369;-10.8611106872559;1929055;1
-81.572312;24.669993;"Epinephelus itajara";"50c9509d-22c7-4a22-a47d-8c48425ef4a7";"GBIF";156;26.7028209024753;11.6519601487707;8.05620210346332;206.741074150239;-1.94444441795349;2199076;1
-75.7716;10.1765;"Epinephelus itajara";"d8cd16ba-bb74-4420-821e-083f2bac17c2";"GBIF";157;28.3454471335008;4.21668326451952;8.04411859289435;203.262850223551;-16.6666660308838;3765482;1
-81.750991;25.813209;"Epinephelus itajara";"50c9509d-22c7-4a22-a47d-8c48425ef4a7";"GBIF";158;25.9542390286466;14.69376243552;8.05326355700752;211.044937646811;-7.58333349227905;2074849;1
-80.895556;24.805507;"Epinephelus itajara";"50c9509d-22c7-4a22-a47d-8c48425ef4a7";"GBIF";159;26.9548599594736;10.6874741170477;8.05452088182416;205.456524832195;-2.08333325386047;2182887;1
-83.515872;28.083853;"Epinephelus itajara";"50c9509d-22c7-4a22-a47d-8c48425ef4a7";"GBIF";160;24.3417912547112;15.8735108567132;8.07013770743223;217.386914334669;-29.4444446563721;1831769;1
-81.955212;24.676199;"Epinephelus itajara";"50c9509d-22c7-4a22-a47d-8c48425ef4a7";"GBIF";163;26.5895528520089;11.789039424247;8.05790890548543;208.192546960278;-10.4166669845581;2199068;1
-81.847125;24.752698;"Epinephelus itajara";"50c9509d-22c7-4a22-a47d-8c48425ef4a7";"GBIF";164;26.4818763210677;12.2310971116382;8.05656565949016;207.825170264987;-15;2188269;1
-81.285647;29.984773;"Epinephelus itajara";"50c9509d-22c7-4a22-a47d-8c48425ef4a7";"GBIF";165;23.2669130438491;15.5455954517434;8.09090984600451;217.877851713079;-14.722222328186;1626576;1
-81.851146;24.404048;"Epinephelus itajara";"50c9509d-22c7-4a22-a47d-8c48425ef4a7";"GBIF";166;26.9749454924754;8.84185181926598;8.05732839782497;206.865771814284;-68.8611145019531;2226075;1
-79.940486;26.905796;"Epinephelus itajara";"50c9509d-22c7-4a22-a47d-8c48425ef4a7";"GBIF";167;26.9679512193058;7.87798238072506;8.05716379979208;205.560152393379;-177.777770996094;1956064;1
-80.449426;27.842179;"Epinephelus itajara";"50c9509d-22c7-4a22-a47d-8c48425ef4a7";"GBIF";169;25.3920631951996;10.7392610282807;8.07794680804094;210.485273232293;-7.41666650772095;1858836;1
-83.592601;26.66239;"Epinephelus itajara";"50c9509d-22c7-4a22-a47d-8c48425ef4a7";"GBIF";170;25.6580059275737;11.0488877128575;8.06924988098026;212.390428907569;-60;1982996;1
-80.802475;24.805738;"Epinephelus itajara";"50c9509d-22c7-4a22-a47d-8c48425ef4a7";"GBIF";178;26.9866261569379;10.2621810128515;8.05428764961342;205.359910873106;-0.888888895511627;2182888;1
-81.957754;26.097166;"Epinephelus itajara";"50c9509d-22c7-4a22-a47d-8c48425ef4a7";"GBIF";180;25.7722399880814;14.925496853876;8.05348795326015;211.676483200501;-10.6944446563721;2047840;1
-81.525951;24.482637;"Epinephelus itajara";"50c9509d-22c7-4a22-a47d-8c48425ef4a7";"GBIF";181;26.9996106838795;8.95460811828348;8.05684173601208;206.329564833326;-100.861114501953;2220681;1
-81.6005;3.999989;"Epinephelus itajara";"6c59c9b6-a3fa-4861-aab9-f188533298e7";"GBIF";182;27.1752967840614;5.54355692947949;8.00896367101113;210.274769305923;-385.027770996094;4435089;1
-81.513871;24.407839;"Epinephelus itajara";"50c9509d-22c7-4a22-a47d-8c48425ef4a7";"GBIF";183;27.0478102642436;8.31279021026184;8.05684149612989;206.143721912913;-168.58332824707;2226082;1
-82.820467;27.990533;"Epinephelus itajara";"50c9509d-22c7-4a22-a47d-8c48425ef4a7";"GBIF";184;24.4673052491834;17.8988140426365;8.05199578825049;217.553013623232;-0.694444417953491;1842585;1
-83.118722;27.825019;"Epinephelus itajara";"50c9509d-22c7-4a22-a47d-8c48425ef4a7";"GBIF";185;24.4967102037627;16.6480858768787;8.05889650937014;216.984545630817;-19.0277786254883;1858782;1
-82.9637;27.956836;"Epinephelus itajara";"50c9509d-22c7-4a22-a47d-8c48425ef4a7";"GBIF";186;24.373452520441;17.5061749325404;8.05200529196667;217.538934462827;-10.1666669845581;1842582;1
-83.081487;28.061411;"Epinephelus itajara";"50c9509d-22c7-4a22-a47d-8c48425ef4a7";"GBIF";187;24.2798446970328;17.2305603843535;8.05395360129241;217.642393463854;-15.1388893127441;1831778;1
-82.454986;27.788515;"Epinephelus itajara";"50c9509d-22c7-4a22-a47d-8c48425ef4a7";"GBIF";188;24.7865257583374;17.2728132344361;8.05372297959623;216.536816092328;-3.5;1864196;1
-83.094424;27.817011;"Epinephelus itajara";"50c9509d-22c7-4a22-a47d-8c48425ef4a7";"GBIF";189;24.4715333045077;16.8269162238751;8.05709646109821;217.015919715851;-15.3055553436279;1858783;1
-82.978904;24.709932;"Epinephelus itajara";"50c9509d-22c7-4a22-a47d-8c48425ef4a7";"GBIF";190;26.5268414718848;10.9216363577202;8.06245463953071;208.150464621479;-33.75;2193647;1
-82.273728;26.710763;"Epinephelus itajara";"50c9509d-22c7-4a22-a47d-8c48425ef4a7";"GBIF";191;25.4406542806133;15.9334516662011;8.05609629467641;213.146873706935;-3.94444441795349;1977621;1
-80.345622;25.037989;"Epinephelus itajara";"50c9509d-22c7-4a22-a47d-8c48425ef4a7";"GBIF";192;26.9329798074405;8.40853174568636;8.05755747474369;205.08350132896;-52.4722213745117;2161294;1
-82.561671;27.055386;"Epinephelus itajara";"50c9509d-22c7-4a22-a47d-8c48425ef4a7";"GBIF";193;25.1053482446052;16.2707367683461;8.0566164481595;214.032559543631;-11.9166669845581;1939808;1
-82.598773;27.005389;"Epinephelus itajara";"50c9509d-22c7-4a22-a47d-8c48425ef4a7";"GBIF";194;25.1479692426151;16.0461068005187;8.05615118579475;213.937312379148;-13.0833330154419;1945209;1
-81.194122;25.324597;"Epinephelus itajara";"50c9509d-22c7-4a22-a47d-8c48425ef4a7";"GBIF";196;26.4102613356058;14.2798657382482;8.05095884537973;207.783052749186;-1.83333337306976;2128871;1
-81.882006;26.120531;"Epinephelus itajara";"50c9509d-22c7-4a22-a47d-8c48425ef4a7";"GBIF";198;25.8238630858275;15.1920574518154;8.05377272197179;211.741934640067;-7.05555534362793;2042441;1
-81.239498;24.112012;"Epinephelus itajara";"50c9509d-22c7-4a22-a47d-8c48425ef4a7";"GBIF";199;27.4692803656786;6.6491687387048;8.05541040660553;204.351104014535;-989.694458007812;2258494;1
-81.942099;26.397052;"Epinephelus itajara";"50c9509d-22c7-4a22-a47d-8c48425ef4a7";"GBIF";200;25.7176501579245;15.5388268505023;8.05387022378018;212.02488805729;-5.91666650772095;2015435;1
-81.997855;26.205016;"Epinephelus itajara";"50c9509d-22c7-4a22-a47d-8c48425ef4a7";"GBIF";201;25.7374594935084;15.2220950325361;8.05304634598498;211.838059631841;-10.8888893127441;2031637;1
-80.74635;25.05074;"Epinephelus itajara";"875db04c-1fc5-4fbf-9b88-da643abde58d";"GBIF";205;26.7222705486614;12.5817702811329;8.05286036790634;205.363894375162;-2.05555558204651;2155885;1
-80.67524;25.13695;"Epinephelus itajara";"875db04c-1fc5-4fbf-9b88-da643abde58d";"GBIF";206;26.6815583051861;12.7296846457675;8.05364730895791;205.437213315919;-4.25;2150485;1
-81.238039;19.294793;"Epinephelus itajara";"50c9509d-22c7-4a22-a47d-8c48425ef4a7";"GBIF";207;28.2223313691122;4.80624356591194;8.0530105403486;201.761041897774;-127.166664123535;2782391;1
-81.603707;24.496211;"Epinephelus itajara";"50c9509d-22c7-4a22-a47d-8c48425ef4a7";"GBIF";212;26.9748401814442;9.05310808808399;8.05687551210075;206.476267984152;-61.1388893127441;2220679;1
-78.71688;28.741401;"Epinephelus itajara";"50c9509d-22c7-4a22-a47d-8c48425ef4a7";"GBIF";215;26.0368388425792;8.35346653166916;8.06637991619531;206.745697455515;-872;1761652;1
-81.201797;29.935048;"Epinephelus itajara";"50c9509d-22c7-4a22-a47d-8c48425ef4a7";"GBIF";217;23.368440986266;15.3274665895;8.09034825176666;217.373798008687;-17.3611106872559;1631978;1
-81.552977;24.454441;"Epinephelus itajara";"50c9509d-22c7-4a22-a47d-8c48425ef4a7";"GBIF";220;26.9799292826518;8.9686328281615;8.05684540162533;206.355695132183;-79.6388854980469;2220680;1
-81.424509;24.47047;"Epinephelus itajara";"50c9509d-22c7-4a22-a47d-8c48425ef4a7";"GBIF";221;27.0530218459962;8.45587867381683;8.05676311645391;206.132561172744;-137.111114501953;2220683;1
-81.525483;24.57675;"Epinephelus itajara";"50c9509d-22c7-4a22-a47d-8c48425ef4a7";"GBIF";223;26.8808195633295;10.2720678675407;8.05673778429898;206.373675190319;-5.66666650772095;2209879;1
-80.037943;26.934053;"Epinephelus itajara";"50c9509d-22c7-4a22-a47d-8c48425ef4a7";"GBIF";224;26.239952822029;8.8893324199892;8.05748253637731;205.658723763286;-20.5833339691162;1956062;1
-82.715145;28.49614;"Epinephelus itajara";"50c9509d-22c7-4a22-a47d-8c48425ef4a7";"GBIF";228;24.1550080835905;18.3783798422806;8.04140452898553;219.155743054012;-2;1788577;1
-87.849569;15.942702;"Epinephelus itajara";"50c9509d-22c7-4a22-a47d-8c48425ef4a7";"GBIF";229;28.5482146316776;4.80458581894369;8.04913037874582;200.156631416647;-119.083335876465;3144126;1
-82.895957;24.781045;"Epinephelus itajara";"50c9509d-22c7-4a22-a47d-8c48425ef4a7";"GBIF";231;26.4840277815042;11.182854788697;8.06191363935573;208.095255010635;-38.5;2188248;1
-80.903923;24.994739;"Epinephelus itajara";"50c9509d-22c7-4a22-a47d-8c48425ef4a7";"GBIF";233;26.7966500670914;12.4418156064403;8.05280611998679;205.852081307387;-2;2166683;1
-81.687643;24.537681;"Epinephelus itajara";"50c9509d-22c7-4a22-a47d-8c48425ef4a7";"GBIF";236;26.9419554358889;9.49539007056965;8.05698026935042;206.821433392771;-7.16666650772095;2215277;1
-81.48008;24.437314;"Epinephelus itajara";"50c9509d-22c7-4a22-a47d-8c48425ef4a7";"GBIF";241;27.0590289814418;8.25103801979375;8.05683444709597;206.110046297103;-179.222229003906;2226083;1
-82.104113;26.164594;"Epinephelus itajara";"50c9509d-22c7-4a22-a47d-8c48425ef4a7";"GBIF";244;25.6607284381193;14.77848520626;8.0551042981861;212.151181952023;-15.8888893127441;2037035;1
-81.579058;24.620203;"Epinephelus itajara";"50c9509d-22c7-4a22-a47d-8c48425ef4a7";"GBIF";246;26.7610073547531;11.1947557638759;8.05660245024698;206.546950358316;-1.75;2204477;1
-80.509628;24.876304;"Epinephelus itajara";"50c9509d-22c7-4a22-a47d-8c48425ef4a7";"GBIF";249;27.030147338633;8.39053473636167;8.05605521067011;205.105935291563;-62.3611106872559;2177493;1
-81.463776;24.777914;"Epinephelus itajara";"50c9509d-22c7-4a22-a47d-8c48425ef4a7";"GBIF";250;26.751858831674;12.1949447850339;8.05495196258538;206.393483714138;-1.91666662693024;2188276;1
-80.231406;27.464887;"Epinephelus itajara";"50c9509d-22c7-4a22-a47d-8c48425ef4a7";"GBIF";254;25.4662953134552;9.11228926740508;8.0764506146708;209.637987828242;-12.722222328186;1896647;1
-86.768653;29.09028;"Epinephelus itajara";"50c9509d-22c7-4a22-a47d-8c48425ef4a7";"GBIF";255;25.0742738777916;11.6662524282374;8.07431302370175;214.130430212747;-500.194458007812;1723684;1
-86.543226;30.370151;"Epinephelus itajara";"50c9509d-22c7-4a22-a47d-8c48425ef4a7";"GBIF";257;23.3065155589846;15.8386007619627;8.06966377153593;222.449586838162;-8.88888931274414;1583263;1
-80.434853;24.901665;"Epinephelus itajara";"50c9509d-22c7-4a22-a47d-8c48425ef4a7";"GBIF";258;26.9957561673954;8.24156008495571;8.05642023792363;205.095715926276;-76.7777786254883;2172094;1
-81.440361;24.231943;"Epinephelus itajara";"50c9509d-22c7-4a22-a47d-8c48425ef4a7";"GBIF";259;27.2673375833589;7.35767151422678;8.05650890598798;205.107879059192;-469.194458007812;2247688;1
-75.635555;10.150881;"Epinephelus itajara";"50c9509d-22c7-4a22-a47d-8c48425ef4a7";"GBIF";261;28.3756738600387;4.67567862735161;8.04492567263607;203.37691669431;-5.61111116409302;3765485;1
-75.638104;10.07989;"Epinephelus itajara";"50c9509d-22c7-4a22-a47d-8c48425ef4a7";"GBIF";263;28.4742838375802;4.50141655040035;8.04647955440447;203.518344035394;-13.8055553436279;3776287;1
-78.878669;20.864315;"Epinephelus itajara";"50c9509d-22c7-4a22-a47d-8c48425ef4a7";"GBIF";264;28.1117811817714;6.44012052869378;8.05701453035528;202.007835734974;-14.0555553436279;2609606;1
-82.451042;24.088512;"Epinephelus itajara";"50c9509d-22c7-4a22-a47d-8c48425ef4a7";"GBIF";266;27.1817711395186;7.14016227685435;8.05555655705484;204.687682393076;-749.75;2263870;1
-80.023569;26.834183;"Epinephelus itajara";"50c9509d-22c7-4a22-a47d-8c48425ef4a7";"GBIF";272;26.7793046225909;8.7633553129214;8.0565811389762;205.575523192369;-11.8333330154419;1966864;1
-81.207951;19.245462;"Epinephelus itajara";"50c9509d-22c7-4a22-a47d-8c48425ef4a7";"GBIF";276;28.2290027571173;4.79788193694671;8.05295312031199;201.755609381452;-1374.30554199219;2787792;1
-75.873371;9.732843;"Epinephelus itajara";"50c9509d-22c7-4a22-a47d-8c48425ef4a7";"GBIF";277;28.5042222761637;4.09552084601303;8.04884625546227;203.78061172502;-99.5;3814089;1
-80.265944;25.028497;"Epinephelus itajara";"50c9509d-22c7-4a22-a47d-8c48425ef4a7";"GBIF";278;27.0490018268744;8.07129824933036;8.05751267579843;205.071657260828;-99.5833358764648;2161295;1
-80.895173;24.676082;"Epinephelus itajara";"50c9509d-22c7-4a22-a47d-8c48425ef4a7";"GBIF";279;27.0438084057352;8.84109377635046;8.05535071014403;205.396393863879;-62.5555572509766;2199090;1
-52.598805;5.372265;"Epinephelus itajara";"50c9509d-22c7-4a22-a47d-8c48425ef4a7";"GBIF";280;27.6194856787733;2.71914298953615;8.03136457855835;211.755412421427;-13.9166669845581;4284442;1
-80.54509;25.166288;"Epinephelus itajara";"50c9509d-22c7-4a22-a47d-8c48425ef4a7";"GBIF";281;26.6968080756673;12.1459854749249;8.05750092314488;205.336979417553;-2;2145087;1
-83.170086;28.010703;"Epinephelus itajara";"50c9509d-22c7-4a22-a47d-8c48425ef4a7";"GBIF";284;24.3569568431373;16.805925084124;8.05972015966255;217.50812459228;-19.1666660308838;1837177;1
-78.989133;20.781839;"Epinephelus itajara";"50c9509d-22c7-4a22-a47d-8c48425ef4a7";"GBIF";285;28.1517626613341;5.49626143610601;8.05687450969273;202.053932159817;-409.166656494141;2620406;1
-83.095738;27.958539;"Epinephelus itajara";"50c9509d-22c7-4a22-a47d-8c48425ef4a7";"GBIF";286;24.3619605693304;17.0841022519087;8.05422569617631;217.494840915212;-14.777777671814;1842580;1
-81.924874;24.438063;"Epinephelus itajara";"50c9509d-22c7-4a22-a47d-8c48425ef4a7";"GBIF";287;26.9715523904998;8.65259738146159;8.05765875524103;206.968793275185;-56.7777786254883;2226074;1
-80.109877;25.72673;"Epinephelus itajara";"50c9509d-22c7-4a22-a47d-8c48425ef4a7";"GBIF";289;26.8819595469901;9.44448376486236;8.05731337428165;205.378802825459;-5.02777767181396;2085684;1
-80.420515;27.951471;"Epinephelus itajara";"50c9509d-22c7-4a22-a47d-8c48425ef4a7";"GBIF";290;25.3427722407173;10.7008080663079;8.07912608708006;211.062901758184;-16;1842633;1
-67.25297;18.17202;"Epinephelus itajara";"b3b7d5c4-f73a-475b-a203-c6a1ddd040cd";"GBIF";291;27.9605612063381;4.6063861828914;8.05388136121191;203.246909382674;-83.6388854980469;2901492;1
-79.880759;26.81964;"Epinephelus itajara";"50c9509d-22c7-4a22-a47d-8c48425ef4a7";"GBIF";293;27.1820672855736;7.39022860490482;8.05655575424397;205.388619979642;-274.083343505859;1966867;1
-79.990309;26.894773;"Epinephelus itajara";"50c9509d-22c7-4a22-a47d-8c48425ef4a7";"GBIF";294;26.6427537845168;8.63226308505118;8.05703848713788;205.58477978035;-84.2222213745117;1961464;1
-67.24758;18.14658;"Epinephelus itajara";"b3b7d5c4-f73a-475b-a203-c6a1ddd040cd";"GBIF";298;27.9622691507917;4.76649209362098;8.05371250969474;203.253369053223;-12.722222328186;2906894;1
-67.20057;18.23353;"Epinephelus itajara";"b3b7d5c4-f73a-475b-a203-c6a1ddd040cd";"GBIF";300;27.998453437604;4.73494284510361;8.05391905749051;203.23578608996;-153.222229003906;2896092;1
-67.23322;17.99116;"Epinephelus itajara";"b3b7d5c4-f73a-475b-a203-c6a1ddd040cd";"GBIF";302;27.9396383285847;4.53689852492341;8.0534395949767;203.255464761292;-1.30555558204651;2923097;1
-66.95998;17.89755;"Epinephelus itajara";"b3b7d5c4-f73a-475b-a203-c6a1ddd040cd";"GBIF";303;27.9230444858521;4.39511484754568;8.05393786581299;203.2752447656;-360.166656494141;2933904;1
-66.88836;17.93626;"Epinephelus itajara";"b3b7d5c4-f73a-475b-a203-c6a1ddd040cd";"GBIF";304;27.9409599081755;4.4443656983404;8.05414040086645;203.282829731944;-113;2928505;1
-67.3299;18.0017;"Epinephelus itajara";"b3b7d5c4-f73a-475b-a203-c6a1ddd040cd";"GBIF";306;27.9186966597328;4.46551067948714;8.05347244928644;203.260919407551;-20.3055553436279;2917694;1
-67.05067;17.93937;"Epinephelus itajara";"b3b7d5c4-f73a-475b-a203-c6a1ddd040cd";"GBIF";308;27.9491227080764;4.48677341561596;8.05374749835013;203.268715233704;-10.8055553436279;2928501;1
-67.0485;17.93472;"Epinephelus itajara";"b3b7d5c4-f73a-475b-a203-c6a1ddd040cd";"GBIF";309;27.9447253174524;4.45715430887055;8.05383377643973;203.269327071696;-13.4444446563721;2928502;1
-80.88788;25.065937;"Epinephelus itajara";"50c9509d-22c7-4a22-a47d-8c48425ef4a7";"GBIF";310;26.680442516139;12.9570414818896;8.0528723768993;205.787863770705;-5.02777767181396;2155882;1
-66.52824;17.89507;"Epinephelus itajara";"b3b7d5c4-f73a-475b-a203-c6a1ddd040cd";"GBIF";311;27.9173480120437;4.49435173083495;8.05457728646921;203.328186283371;-14;2933913;1
-66.7563;17.9649;"Epinephelus itajara";"b3b7d5c4-f73a-475b-a203-c6a1ddd040cd";"GBIF";312;27.9334181201897;4.45073550671138;8.0542064899652;203.290930765178;-18;2923106;1
-66.3025;17.93457;"Epinephelus itajara";"b3b7d5c4-f73a-475b-a203-c6a1ddd040cd";"GBIF";313;27.9326493958033;4.54547177849867;8.05462406805004;203.375749320856;-15.3611106872559;2928516;1
-66.60856;17.90404;"Epinephelus itajara";"b3b7d5c4-f73a-475b-a203-c6a1ddd040cd";"GBIF";314;27.9335567864868;4.5052048468073;8.05446807243576;203.314052495097;-90.1666641235352;2928510;1
-67.48833;18.382;"Epinephelus itajara";"b3b7d5c4-f73a-475b-a203-c6a1ddd040cd";"GBIF";315;27.8759027913955;4.20054714605182;8.05434965178173;203.302072633432;-363.194458007812;2879884;1
-66.21401;17.91544;"Epinephelus itajara";"b3b7d5c4-f73a-475b-a203-c6a1ddd040cd";"GBIF";317;27.9137662372601;4.52285866311679;8.05465252457737;203.390879991253;-5.55555534362793;2928518;1
-66.74697;17.95955;"Epinephelus itajara";"b3b7d5c4-f73a-475b-a203-c6a1ddd040cd";"GBIF";319;27.9314811658005;4.4661290259452;8.05438926968104;203.307055350914;-7.41666650772095;2923107;1
-82.971014;27.819399;"Epinephelus itajara";"50c9509d-22c7-4a22-a47d-8c48425ef4a7";"GBIF";322;24.4716711969788;17.3081710198747;8.05543968252181;217.018490157222;-8.94444465637207;1858785;1
-67.26688;18.35072;"Epinephelus itajara";"b3b7d5c4-f73a-475b-a203-c6a1ddd040cd";"GBIF";323;27.9462164145563;4.44497504027481;8.05429138141687;203.264527663257;-73.3055572509766;2879888;1
-67.26997;18.34732;"Epinephelus itajara";"b3b7d5c4-f73a-475b-a203-c6a1ddd040cd";"GBIF";324;27.9666975538222;4.49715033623553;8.05402641755978;203.249048513663;-341.5;2885289;1
-61.459723;10.572922;"Epinephelus itajara";"50c9509d-22c7-4a22-a47d-8c48425ef4a7";"GBIF";328;27.9604576735341;3.87133678193255;7.99500614216916;204.211177795589;-1;3722560;1
-65.48794;18.08057;"Epinephelus itajara";"b3b7d5c4-f73a-475b-a203-c6a1ddd040cd";"GBIF";331;27.808230404865;4.47711389706991;8.05408446446122;203.466168943709;-73.1666641235352;2912330;1
-65.2773;18.27587;"Epinephelus itajara";"b3b7d5c4-f73a-475b-a203-c6a1ddd040cd";"GBIF";333;27.7442810158228;4.46602538988383;8.05353566044396;203.367320655185;-11.722222328186;2890730;1
-65.19714;18.13869;"Epinephelus itajara";"b3b7d5c4-f73a-475b-a203-c6a1ddd040cd";"GBIF";335;27.7504974247687;4.44124413826378;8.05408713645701;203.499581251312;-359.027770996094;2906935;1
-65.56711;18.35466;"Epinephelus itajara";"b3b7d5c4-f73a-475b-a203-c6a1ddd040cd";"GBIF";336;27.8329418634599;4.54326148541882;8.05403526973237;203.415228519885;-14.3888893127441;2879922;1
-65.53089;18.36033;"Epinephelus itajara";"b3b7d5c4-f73a-475b-a203-c6a1ddd040cd";"GBIF";337;27.8160326928442;4.50526792757038;8.05393571448413;203.385309738942;-27.0555553436279;2879923;1
-65.56555;18.33537;"Epinephelus itajara";"b3b7d5c4-f73a-475b-a203-c6a1ddd040cd";"GBIF";338;27.867870525601;4.69329499061195;8.05374456881303;203.34781890338;-12.4166669845581;2885323;1
-65.59008;18.08964;"Epinephelus itajara";"b3b7d5c4-f73a-475b-a203-c6a1ddd040cd";"GBIF";340;27.794008004739;4.48208271703643;8.05413092759746;203.45423184902;-123.305557250977;2912328;1
-66.0517;18.46222;"Epinephelus itajara";"b3b7d5c4-f73a-475b-a203-c6a1ddd040cd";"GBIF";345;27.7645629548342;4.30089842199746;8.05536942911471;203.641720626904;-71.2777786254883;2869110;1
-80.354426;25.128822;"Epinephelus itajara";"50c9509d-22c7-4a22-a47d-8c48425ef4a7";"GBIF";349;26.8051039533213;10.5147441695457;8.05820181634691;205.218112945557;-0.472222208976746;2150491;1
-81.57881;24.789894;"Epinephelus itajara";"50c9509d-22c7-4a22-a47d-8c48425ef4a7";"GBIF";350;26.6587645147634;12.291931564519;8.05564671867997;207.106509164238;-4.80555534362793;2188274;1
-67.950766;18.098323;"Epinephelus itajara";"b3b7d5c4-f73a-475b-a203-c6a1ddd040cd";"GBIF";353;27.8928979917708;4.0722664335939;8.05360047304648;203.225120940151;-422.638885498047;2912280;1
-81.587098;24.520443;"Epinephelus itajara";"50c9509d-22c7-4a22-a47d-8c48425ef4a7";"GBIF";354;26.9563681336601;9.24566725760774;8.05683674114363;206.405995639928;-9.77777767181396;2215279;1
-79.90904;26.831215;"Epinephelus itajara";"50c9509d-22c7-4a22-a47d-8c48425ef4a7";"GBIF";355;27.0717726662178;7.85238297226655;8.05660211774552;205.493086715041;-197.611114501953;1966866;1
-83.587449;29.622443;"Epinephelus itajara";"50c9509d-22c7-4a22-a47d-8c48425ef4a7";"GBIF";361;23.4753644019545;18.4642633936221;8.04309895713;220.878447439389;-5.63888883590698;1664337;1
-24.7808;37.2651;"Epinephelus itajara";"66f6192f-6cc0-45fd-a2d1-e76f5ae3eab2";"GBIF";362;19.3562905575105;9.28865457051485;8.04779118595294;235.441142572698;-287.277770996094;839160;1
-81.85683;24.895526;"Epinephelus itajara";"50c9509d-22c7-4a22-a47d-8c48425ef4a7";"GBIF";363;26.3388494424064;12.5324395817112;8.05719156698747;208.605340437456;-15.6944446563721;2177466;1
-47.224698;-0.524576;"Epinephelus itajara";"50c9509d-22c7-4a22-a47d-8c48425ef4a7";"GBIF";364;28.4743872113613;1.94916191581394;7.98758969353701;201.789406133875;-14.0833330154419;4921867;1
-83.448374;26.651464;"Epinephelus itajara";"50c9509d-22c7-4a22-a47d-8c48425ef4a7";"GBIF";366;25.5226767044262;11.5344995557648;8.069371503655;212.662467239373;-53.2777786254883;1982999;1
-81.740551;25.863202;"Epinephelus itajara";"50c9509d-22c7-4a22-a47d-8c48425ef4a7";"GBIF";368;25.9565416491038;14.8422379261316;8.05286591788997;210.931012072888;-3.44444441795349;2069449;1
-48.332268;-27.271889;"Epinephelus itajara";"4a48410a-eefa-4035-b547-0dd29e31d8f8";"GBIF";370;22.327699946236;12.7158101607403;8.07283517303356;224.330596157062;-24.4722213745117;7811380;1
-82.820434;24.600694;"Epinephelus itajara";"50c9509d-22c7-4a22-a47d-8c48425ef4a7";"GBIF";371;26.5423026745209;10.845373636036;8.0613437922094;207.623391702306;-14.9444446563721;2204452;1
-81.15274;25.253062;"Epinephelus itajara";"50c9509d-22c7-4a22-a47d-8c48425ef4a7";"GBIF";372;26.4618374331512;14.0347115090636;8.05105576079567;207.542518538277;0;2134272;1
-81.98594;24.576586;"Epinephelus itajara";"50c9509d-22c7-4a22-a47d-8c48425ef4a7";"GBIF";373;26.7412926834002;11.2490591689394;8.05792234034247;207.476935042419;-2.02777767181396;2209870;1
-38.724107;-17.856681;"Epinephelus itajara";"50c9509d-22c7-4a22-a47d-8c48425ef4a7";"GBIF";376;25.8912359083035;4.58356619106948;8.0612159967206;208.415589422112;-7.58333349227905;6796184;1
-38.645338;-17.809686;"Epinephelus itajara";"50c9509d-22c7-4a22-a47d-8c48425ef4a7";"GBIF";377;25.8843546149486;4.39046809525155;8.06177475669019;208.438325038979;-16.8888893127441;6790785;1
-81.609048;25.505568;"Epinephelus itajara";"50c9509d-22c7-4a22-a47d-8c48425ef4a7";"GBIF";380;26.130660370629;14.5284353868511;8.05304532850289;210.048112168597;-8.13888931274414;2107258;1
-82.695752;27.467098;"Epinephelus itajara";"50c9509d-22c7-4a22-a47d-8c48425ef4a7";"GBIF";383;24.8464003263412;17.2362984654388;8.05553775848455;215.561441211399;0;1896598;1
-67.312483;18.139382;"Epinephelus itajara";"a050fb15-1ab6-4d29-b444-b7b8ae576499";"GBIF";384;27.935398559652;4.54802250691197;8.05371979955325;203.260450859284;-15.9444446563721;2906892;1
-67.398796;18.052925;"Epinephelus itajara";"a050fb15-1ab6-4d29-b444-b7b8ae576499";"GBIF";387;27.9168568500867;4.44572714715783;8.05354758753207;203.268378215326;-24.9444446563721;2912292;1
-67.400484;18.075077;"Epinephelus itajara";"a050fb15-1ab6-4d29-b444-b7b8ae576499";"GBIF";388;27.9059272357563;4.351187048448;8.05351550096905;203.271420282272;-115.111114501953;2912291;1
-67.276227;18.126411;"Epinephelus itajara";"a050fb15-1ab6-4d29-b444-b7b8ae576499";"GBIF";389;27.9542237026662;4.68649577723952;8.05371277358937;203.255212228723;-9.88888931274414;2906893;1
-67.323681;18.154388;"Epinephelus itajara";"a050fb15-1ab6-4d29-b444-b7b8ae576499";"GBIF";390;27.9414779727756;4.50522550902889;8.05387814465855;203.256659322364;-70.4722213745117;2901491;1
-65.69718;18.38013;"Epinephelus itajara";"a050fb15-1ab6-4d29-b444-b7b8ae576499";"GBIF";412;27.7865026869;4.46082450297894;8.05458785606225;203.57195381915;-3.55555558204651;2879920;1
-65.52843;18.34105;"Epinephelus itajara";"a050fb15-1ab6-4d29-b444-b7b8ae576499";"GBIF";414;27.834455148403;4.55313604018732;8.05358840237391;203.307325046441;-22.25;2885324;1
-65.6946;18.40051;"Epinephelus itajara";"a050fb15-1ab6-4d29-b444-b7b8ae576499";"GBIF";430;27.7707178912299;4.4357829201976;8.05478771790573;203.634640058134;-26.3333339691162;2874519;1
-80.318362;25.494951;"Epinephelus itajara";"50c9509d-22c7-4a22-a47d-8c48425ef4a7";"GBIF";433;26.6756811730645;11.8196330700694;8.06282061363688;206.492597795413;-0.0277777779847383;2112685;1
-82.742687;27.644968;"Epinephelus itajara";"50c9509d-22c7-4a22-a47d-8c48425ef4a7";"GBIF";434;24.73317098015;17.4925152901718;8.05562660192663;215.836641016458;-2.58333325386047;1880394;1
-67.375088;18.011615;"Epinephelus itajara";"a050fb15-1ab6-4d29-b444-b7b8ae576499";"GBIF";435;27.9102642660914;4.37753202975786;8.05348342404903;203.268574322766;-26.5555553436279;2917693;1
-67.031767;17.889628;"Epinephelus itajara";"a050fb15-1ab6-4d29-b444-b7b8ae576499";"GBIF";438;27.9229042262238;4.3943189653402;8.05383676027527;203.271944326688;-227.305557250977;2933903;1
-67.337566;17.984642;"Epinephelus itajara";"a050fb15-1ab6-4d29-b444-b7b8ae576499";"GBIF";442;27.9118083979296;4.40146468709071;8.0534485778504;203.261928416878;-15.5555553436279;2923095;1
-67.120052;17.928898;"Epinephelus itajara";"a050fb15-1ab6-4d29-b444-b7b8ae576499";"GBIF";445;27.9399735473789;4.46309581387633;8.0535719327136;203.264466410972;-8.97222232818604;2928500;1
-81.429102;24.729707;"Epinephelus itajara";"50c9509d-22c7-4a22-a47d-8c48425ef4a7";"GBIF";450;26.821968311395;11.7861136431076;8.05517951850443;206.164112295165;-0.444444447755814;2193678;1
-81.4185;13.3888;"Epinephelus itajara";"6ab92616-e7f9-47a9-8dd6-d7d129fafd08";"GBIF";451;28.1519929935509;3.0618025331841;8.04455519429622;201.165636676082;-290.611114501953;3419705;1
-67.244509;17.894373;"Epinephelus itajara";"a050fb15-1ab6-4d29-b444-b7b8ae576499";"GBIF";453;27.9055759175455;4.31427150703173;8.05342777199291;203.275044347181;-355.083343505859;2933899;1
-67.221677;17.912688;"Epinephelus itajara";"a050fb15-1ab6-4d29-b444-b7b8ae576499";"GBIF";454;27.9217253314183;4.39131232251279;8.05346544143752;203.261422630019;-10.3333330154419;2928498;1
-66.996646;17.908242;"Epinephelus itajara";"a050fb15-1ab6-4d29-b444-b7b8ae576499";"GBIF";455;27.9450728387631;4.45679177757685;8.05390256983915;203.270191676076;-8.02777767181396;2928503;1
-65.578467;18.105083;"Epinephelus itajara";"a050fb15-1ab6-4d29-b444-b7b8ae576499";"GBIF";461;27.8187824203426;4.52434971549983;8.05394961551842;203.405157931013;-2.41666674613953;2906927;1
-65.636683;18.116817;"Epinephelus itajara";"a050fb15-1ab6-4d29-b444-b7b8ae576499";"GBIF";462;27.8282031194795;4.5350953563751;8.05416912502713;203.415351019965;-14.0833330154419;2906926;1
-67.296617;17.922394;"Epinephelus itajara";"a050fb15-1ab6-4d29-b444-b7b8ae576499";"GBIF";463;27.9128895635804;4.356709815023;8.05344930356855;203.261835178005;-15.0833330154419;2928497;1
-66.03983;18.45491;"Epinephelus itajara";"a050fb15-1ab6-4d29-b444-b7b8ae576499";"GBIF";464;27.7579006486542;4.32311717954134;8.05521636670764;203.650578396478;-87.1388854980469;2869111;1
-65.96675;18.45483;"Epinephelus itajara";"a050fb15-1ab6-4d29-b444-b7b8ae576499";"GBIF";465;27.7535888978143;4.33405808397197;8.0551803721439;203.664182335004;-105.055557250977;2869112;1
-66.1508;18.46835;"Epinephelus itajara";"a050fb15-1ab6-4d29-b444-b7b8ae576499";"GBIF";467;27.7750295150931;4.27741634187013;8.05545781401431;203.618982040343;-28.75;2869108;1
-67.261966;17.894529;"Epinephelus itajara";"a050fb15-1ab6-4d29-b444-b7b8ae576499";"GBIF";468;27.9010595906714;4.29724082153344;8.0533973688849;203.275156031847;-529.277770996094;2933898;1
-67.302086;17.942771;"Epinephelus itajara";"a050fb15-1ab6-4d29-b444-b7b8ae576499";"GBIF";469;27.8946496945515;4.29788557172211;8.0534325520602;203.264973378085;-169.08332824707;2928496;1
-65.51472;18.20235;"Epinephelus itajara";"a050fb15-1ab6-4d29-b444-b7b8ae576499";"GBIF";470;27.838487484361;4.57403267612827;8.05335641793842;203.251074411208;-11.8888893127441;2896126;1
-65.612017;18.097183;"Epinephelus itajara";"a050fb15-1ab6-4d29-b444-b7b8ae576499";"GBIF";481;27.8121682178759;4.48471062380307;8.05431757516149;203.447400800929;-348.888885498047;2912327;1
-65.71547;18.1448;"Epinephelus itajara";"a050fb15-1ab6-4d29-b444-b7b8ae576499";"GBIF";484;27.8786877207862;4.75728526173697;8.0546255317675;203.460148091422;-12.472222328186;2906924;1
-67.236793;18.006339;"Epinephelus itajara";"a050fb15-1ab6-4d29-b444-b7b8ae576499";"GBIF";487;27.9471419222373;4.62128846523312;8.0534521745559;203.255339328865;-11;2917696;1
-67.282784;18.035214;"Epinephelus itajara";"a050fb15-1ab6-4d29-b444-b7b8ae576499";"GBIF";488;27.9369510526083;4.56485498707678;8.05344183133588;203.255623132662;-16;2917695;1
-65.48622;18.16306;"Epinephelus itajara";"a050fb15-1ab6-4d29-b444-b7b8ae576499";"GBIF";493;27.8346966797936;4.57093752713599;8.05358412964124;203.315312712792;-12.75;2901528;1
-65.43779;18.22701;"Epinephelus itajara";"a050fb15-1ab6-4d29-b444-b7b8ae576499";"GBIF";497;27.814504486563;4.57251741100445;8.05349321539678;203.297291962471;-23.0833339691162;2896128;1
-66.14499;18.47189;"Epinephelus itajara";"a050fb15-1ab6-4d29-b444-b7b8ae576499";"GBIF";498;27.7701260375846;4.28873670810787;8.05541406875502;203.629535196483;-68.5833358764648;2869109;1
-65.46845;18.21595;"Epinephelus itajara";"a050fb15-1ab6-4d29-b444-b7b8ae576499";"GBIF";500;27.8348976861568;4.57011241376815;8.05335580971707;203.252155591018;-21.3611106872559;2896127;1
-67.243363;18.152768;"Epinephelus itajara";"a050fb15-1ab6-4d29-b444-b7b8ae576499";"GBIF";501;27.9728476834882;4.73607911621143;8.05385173577567;203.244214309617;-13.9166669845581;2901493;1
-65.52634;18.1832;"Epinephelus itajara";"a050fb15-1ab6-4d29-b444-b7b8ae576499";"GBIF";511;27.8344174505596;4.56536328301722;8.05359517574897;203.312866628537;-13.5833330154419;2901527;1
-67.115787;17.885942;"Epinephelus itajara";"a050fb15-1ab6-4d29-b444-b7b8ae576499";"GBIF";521;27.9165857546148;4.36540202951142;8.05357411172655;203.27404361301;-132.194442749023;2933901;1
-65.33327;18.09383;"Epinephelus itajara";"a050fb15-1ab6-4d29-b444-b7b8ae576499";"GBIF";524;27.7818723848901;4.43438975094566;8.0540022735212;203.504086465171;-640.638916015625;2912333;1
-65.22638;18.29238;"Epinephelus itajara";"a050fb15-1ab6-4d29-b444-b7b8ae576499";"GBIF";528;27.7382444879023;4.44778911160358;8.05354592746842;203.367914034077;-18.2777786254883;2890731;1
-67.091723;17.886159;"Epinephelus itajara";"a050fb15-1ab6-4d29-b444-b7b8ae576499";"GBIF";529;27.9224131934261;4.39147692248831;8.05373448585545;203.273794022036;-183.83332824707;2933902;1
-65.25907;18.23708;"Epinephelus itajara";"a050fb15-1ab6-4d29-b444-b7b8ae576499";"GBIF";532;27.7436435355821;4.46577708539911;8.05353980858253;203.37078650642;-24.75;2896131;1
-65.29519;18.12011;"Epinephelus itajara";"a050fb15-1ab6-4d29-b444-b7b8ae576499";"GBIF";533;27.7586357600894;4.43208710105771;8.0539491212972;203.471683464791;-60.1388893127441;2906933;1
-67.247457;18.073748;"Epinephelus itajara";"a050fb15-1ab6-4d29-b444-b7b8ae576499";"GBIF";534;27.9585434516542;4.76456063715243;8.05354093151684;203.256569823141;-12.222222328186;2912295;1
-65.24368;18.30477;"Epinephelus itajara";"a050fb15-1ab6-4d29-b444-b7b8ae576499";"GBIF";536;27.7374214059931;4.41462645932617;8.05365786842546;203.349870887425;-20.0277786254883;2885330;1
-81.711397;24.516186;"Epinephelus itajara";"50c9509d-22c7-4a22-a47d-8c48425ef4a7";"GBIF";540;26.9254487987463;9.82589963835481;8.05704093394687;206.949595247833;-6.80555534362793;2215276;1
-81.50825;24.531913;"Epinephelus itajara";"50c9509d-22c7-4a22-a47d-8c48425ef4a7";"GBIF";541;26.9762312668399;9.24051725520636;8.0568196828109;206.366352238651;-19.7777786254883;2215280;1
-65.32584;18.29844;"Epinephelus itajara";"a050fb15-1ab6-4d29-b444-b7b8ae576499";"GBIF";551;27.7674903472962;4.52631613702468;8.05360401357968;203.358862433472;-24.3888893127441;2890729;1
-65.17725;18.3087;"Epinephelus itajara";"a050fb15-1ab6-4d29-b444-b7b8ae576499";"GBIF";562;27.7403848942397;4.42817893382485;8.0538052632307;203.36616334375;-56.2777786254883;2885331;1
-66.691827;17.947769;"Epinephelus itajara";"a050fb15-1ab6-4d29-b444-b7b8ae576499";"GBIF";565;27.9358888533429;4.52623611109633;8.05443605998262;203.30861116086;-301.138885498047;2928509;1
-66.708316;17.949771;"Epinephelus itajara";"a050fb15-1ab6-4d29-b444-b7b8ae576499";"GBIF";566;27.9337620229595;4.464782725903;8.0543154145007;203.300796338015;-322.25;2928508;1
-67.935993;18.108143;"Epinephelus itajara";"a050fb15-1ab6-4d29-b444-b7b8ae576499";"GBIF";569;27.8895579358926;4.10025416109622;8.05388089394232;203.249421068487;-73.8333358764648;2906880;1
-67.892434;18.046444;"Epinephelus itajara";"a050fb15-1ab6-4d29-b444-b7b8ae576499";"GBIF";577;27.8963086244543;4.08801365707636;8.05331371907251;203.222164851601;-513.027770996094;2917683;1
-65.50158;18.28835;"Epinephelus itajara";"a050fb15-1ab6-4d29-b444-b7b8ae576499";"GBIF";582;27.8414716578772;4.58495334714972;8.05336665647616;203.253089620903;-15.3611106872559;2890725;1
-67.241012;18.292789;"Epinephelus itajara";"a050fb15-1ab6-4d29-b444-b7b8ae576499";"GBIF";588;28.0010545089751;4.70501721117354;8.05392988320232;203.235933574131;-107.083335876465;2890691;1
-65.4738;18.26493;"Epinephelus itajara";"a050fb15-1ab6-4d29-b444-b7b8ae576499";"GBIF";591;27.8306817503169;4.56038414113355;8.05334154495335;203.24814504819;-23.9722213745117;2890726;1
-79.942217;26.76389;"Epinephelus itajara";"50c9509d-22c7-4a22-a47d-8c48425ef4a7";"GBIF";599;27.0985301221323;7.65522294004346;8.05649028712375;205.517329063078;-207.694442749023;1972267;1
-81.06577;24.198015;"Epinephelus itajara";"50c9509d-22c7-4a22-a47d-8c48425ef4a7";"GBIF";600;27.5045075959649;6.54299915072776;8.05549989467647;204.360237919894;-899.472229003906;2253096;1
-81.309426;24.622145;"Epinephelus itajara";"50c9509d-22c7-4a22-a47d-8c48425ef4a7";"GBIF";603;26.9549508319934;9.85961845486404;8.0561328825658;205.726668720874;-5.41666650772095;2204482;1
-80.37288;25.08305;"Epinephelus itajara";"60b463ce-d58e-4982-b772-ae8fc9a6f1ef";"GBIF";605;26.8547593205781;9.61611820547977;8.05758500696997;205.161311997624;-3.75;2155892;1
-80.28674;25.15572;"Epinephelus itajara";"60b463ce-d58e-4982-b772-ae8fc9a6f1ef";"GBIF";609;26.8530046143208;9.3762935590895;8.06086442860583;205.448801268217;-4.41666650772095;2145092;1
-80.30361;25.1109;"Epinephelus itajara";"60b463ce-d58e-4982-b772-ae8fc9a6f1ef";"GBIF";610;26.8570719053968;9.79285314575786;8.05875773454186;205.195775433164;-3.80555558204651;2150492;1
-81.47156;24.52956;"Epinephelus itajara";"60b463ce-d58e-4982-b772-ae8fc9a6f1ef";"GBIF";640;26.9824628849511;9.2508391079947;8.05681809860317;206.328356118876;-33.4444427490234;2215281;1
-81.44013;24.57743;"Epinephelus itajara";"60b463ce-d58e-4982-b772-ae8fc9a6f1ef";"GBIF";651;26.9658434246489;9.64093300174578;8.05664456939012;206.091581062595;-8.11111068725586;2209881;1
-80.40189;25.03584;"Epinephelus itajara";"60b463ce-d58e-4982-b772-ae8fc9a6f1ef";"GBIF";653;26.8814314389515;8.98962032929254;8.05690703943353;205.145324786797;-3.52777767181396;2161292;1
-81.40929;24.54391;"Epinephelus itajara";"60b463ce-d58e-4982-b772-ae8fc9a6f1ef";"GBIF";654;27.0244951713421;8.83034114844466;8.05674291947378;206.160974364146;-49.8888893127441;2215282;1
-81.3996;24.54618;"Epinephelus itajara";"60b463ce-d58e-4982-b772-ae8fc9a6f1ef";"GBIF";666;27.0297834177039;8.70711304197179;8.05670062350211;205.894474893053;-71.5;2215283;1
-80.31976;25.08565;"Epinephelus itajara";"60b463ce-d58e-4982-b772-ae8fc9a6f1ef";"GBIF";686;26.8754867171219;9.07705373126221;8.0579237718817;205.115427832341;-13.3611106872559;2155893;1
-80.27878;25.20992;"Epinephelus itajara";"60b463ce-d58e-4982-b772-ae8fc9a6f1ef";"GBIF";726;26.7898586244102;10.2102626888744;8.06204172297297;205.54063728046;-2.91666674613953;2139691;1
-81.05141;24.64024;"Epinephelus itajara";"60b463ce-d58e-4982-b772-ae8fc9a6f1ef";"GBIF";772;27.0344502074313;9.21579519539119;8.05623960100814;205.535023407898;-32.8611106872559;2204487;1
-80.18147;25.36875;"Epinephelus itajara";"60b463ce-d58e-4982-b772-ae8fc9a6f1ef";"GBIF";774;26.769557247006;9.80772977462832;8.06063393945077;205.753571847216;-3.55555558204651;2123490;1
-80.19098;25.33227;"Epinephelus itajara";"60b463ce-d58e-4982-b772-ae8fc9a6f1ef";"GBIF";777;26.7285180057147;9.31387768137104;8.06055436762643;205.543117310824;-7.44444465637207;2128891;1
-81.07011;24.66769;"Epinephelus itajara";"60b463ce-d58e-4982-b772-ae8fc9a6f1ef";"GBIF";782;26.9977823232603;9.77993716573054;8.0557161676594;205.577906453986;-5.30555534362793;2199086;1
-80.75629;24.7652;"Epinephelus itajara";"60b463ce-d58e-4982-b772-ae8fc9a6f1ef";"GBIF";787;27.0343310921145;9.29461403147033;8.05429142657548;205.295796472577;-5.63888883590698;2188290;1
-80.14797;25.34367;"Epinephelus itajara";"60b463ce-d58e-4982-b772-ae8fc9a6f1ef";"GBIF";802;26.9364444706024;8.50935772640503;8.05923083085755;205.386738540002;-86.2777786254883;2128892;1
-82.698989;27.241358;"Epinephelus itajara";"50c9509d-22c7-4a22-a47d-8c48425ef4a7";"GBIF";835;24.9773772320421;16.580726927475;8.05724618113354;214.902947134933;-11.6666669845581;1923603;1
-85.79086;29.259156;"Epinephelus itajara";"50c9509d-22c7-4a22-a47d-8c48425ef4a7";"GBIF";836;24.4642916868743;13.1250385044984;8.07385995362146;218.187317969916;-83.3055572509766;1702100;1
-82.088356;26.564032;"Epinephelus itajara";"50c9509d-22c7-4a22-a47d-8c48425ef4a7";"GBIF";837;25.6004758597277;15.7757343631459;8.05515367337267;212.569418737282;0;1993828;1
-80.73831;24.77774;"Epinephelus itajara";"60b463ce-d58e-4982-b772-ae8fc9a6f1ef";"GBIF";846;27.0490477098258;9.10498016269312;8.05434335362903;205.283237271297;-19.6388893127441;2188291;1
-81.83953;24.46349;"Epinephelus itajara";"60b463ce-d58e-4982-b772-ae8fc9a6f1ef";"GBIF";847;26.9157168629545;10.0021546909138;8.05711686461711;206.881705766053;-14.027777671814;2220675;1
-81.62298;24.50403;"Epinephelus itajara";"60b463ce-d58e-4982-b772-ae8fc9a6f1ef";"GBIF";852;26.9534521590717;9.30915118946012;8.05685860358186;206.556107073169;-6.66666650772095;2215278;1
-82.00213;24.46647;"Epinephelus itajara";"60b463ce-d58e-4982-b772-ae8fc9a6f1ef";"GBIF";854;26.8737282597152;9.9122678752219;8.05813412718909;207.392975995174;-11.722222328186;2220671;1
-80.41834;24.98758;"Epinephelus itajara";"60b463ce-d58e-4982-b772-ae8fc9a6f1ef";"GBIF";855;26.9226204292733;8.56496361907515;8.05682263594692;205.133094102307;-26.4444446563721;2166693;1
-81.99452;24.436;"Epinephelus itajara";"60b463ce-d58e-4982-b772-ae8fc9a6f1ef";"GBIF";876;26.9583468630899;8.78684077757801;8.05780863223832;207.004120311558;-55.1944427490234;2226073;1
-81.2286;24.59494;"Epinephelus itajara";"60b463ce-d58e-4982-b772-ae8fc9a6f1ef";"GBIF";879;27.025708841127;9.08103863157298;8.05664395955617;205.759280324218;-47;2209885;1
-80.16264;25.29428;"Epinephelus itajara";"60b463ce-d58e-4982-b772-ae8fc9a6f1ef";"GBIF";880;26.941117644289;8.62307013988555;8.06084947377125;205.476688791803;-33.1111106872559;2134292;1
-81.2335;24.62569;"Epinephelus itajara";"60b463ce-d58e-4982-b772-ae8fc9a6f1ef";"GBIF";885;26.9940965939459;9.68141923785808;8.05607768461153;205.66165920094;-9.13888931274414;2204484;1
-81.94143;24.4809;"Epinephelus itajara";"60b463ce-d58e-4982-b772-ae8fc9a6f1ef";"GBIF";892;26.8922728709184;9.99865530572608;8.05786173057632;207.205150665166;-10.3611106872559;2220673;1
-80.45287;24.9497;"Epinephelus itajara";"60b463ce-d58e-4982-b772-ae8fc9a6f1ef";"GBIF";896;27.0001406679247;8.4034901582364;8.05639833511613;205.123210402015;-43.5;2172093;1
-81.264;24.58205;"Epinephelus itajara";"60b463ce-d58e-4982-b772-ae8fc9a6f1ef";"GBIF";898;27.0131909972247;9.1513913486618;8.05664632555097;205.781081413513;-28.0555553436279;2209884;1
-81.19198;24.59989;"Epinephelus itajara";"60b463ce-d58e-4982-b772-ae8fc9a6f1ef";"GBIF";899;27.0386797058847;9.08055908778764;8.05654367886333;205.697841157946;-69.25;2209886;1
-81.17299;24.60892;"Epinephelus itajara";"60b463ce-d58e-4982-b772-ae8fc9a6f1ef";"GBIF";906;27.0091770619351;9.59959685693475;8.05613274924566;205.637338290882;-10.5;2204485;1
-80.55247;24.88565;"Epinephelus itajara";"60b463ce-d58e-4982-b772-ae8fc9a6f1ef";"GBIF";910;27.0243507946631;8.71087033503812;8.05568778947649;205.128417890727;-21.6944446563721;2177492;1
-80.92547;24.7212;"Epinephelus itajara";"60b463ce-d58e-4982-b772-ae8fc9a6f1ef";"GBIF";913;26.9735507665444;10.174429941097;8.05555108975842;205.51270315385;-6.52777767181396;2193688;1
-80.91733;24.69792;"Epinephelus itajara";"60b463ce-d58e-4982-b772-ae8fc9a6f1ef";"GBIF";918;27.0217945715893;8.83551502830895;8.05567876821215;205.477131042135;-32.8888893127441;2199089;1
-80.61743;24.84963;"Epinephelus itajara";"60b463ce-d58e-4982-b772-ae8fc9a6f1ef";"GBIF";919;27.0593576361247;8.84406298455841;8.05524367040196;205.135886398271;-43.9166679382324;2182892;1
-80.88664;24.70398;"Epinephelus itajara";"60b463ce-d58e-4982-b772-ae8fc9a6f1ef";"GBIF";922;27.0023800241698;9.75252385545956;8.05506551588255;205.418878465593;-8.55555534362793;2193689;1
-80.68225;24.80544;"Epinephelus itajara";"60b463ce-d58e-4982-b772-ae8fc9a6f1ef";"GBIF";924;27.0764284620235;9.26781515420183;8.05474106226413;205.234808698403;-10.3888893127441;2182891;1
-80.69751;24.79504;"Epinephelus itajara";"60b463ce-d58e-4982-b772-ae8fc9a6f1ef";"GBIF";926;27.0737279644783;8.79696185193991;8.05472750608377;205.205139345429;-60.4444427490234;2188292;1
-80.14174;25.36336;"Epinephelus itajara";"60b463ce-d58e-4982-b772-ae8fc9a6f1ef";"GBIF";927;26.9251925923605;8.78360950478727;8.05935326489535;205.524668953635;-52.0555572509766;2123491;1
-80.56909;24.90037;"Epinephelus itajara";"60b463ce-d58e-4982-b772-ae8fc9a6f1ef";"GBIF";929;26.9866404535941;8.92773857216708;8.05577834019433;205.144653315522;-3.66666674613953;2172091;1
-81.9209;24.51405;"Epinephelus itajara";"60b463ce-d58e-4982-b772-ae8fc9a6f1ef";"GBIF";938;26.8434789616324;10.6049878980068;8.05780214308056;207.317563981168;-3.27777767181396;2215272;1
-80.15129;25.40948;"Epinephelus itajara";"60b463ce-d58e-4982-b772-ae8fc9a6f1ef";"GBIF";939;26.7505694861927;10.4750281236537;8.06120594211392;206.040398419225;-2.66666674613953;2118089;1
-80.13138;25.40021;"Epinephelus itajara";"60b463ce-d58e-4982-b772-ae8fc9a6f1ef";"GBIF";940;26.9194064078285;9.16032287222523;8.0594727290318;205.646330383109;-26.4166660308838;2118090;1
-80.11005;25.48998;"Epinephelus itajara";"60b463ce-d58e-4982-b772-ae8fc9a6f1ef";"GBIF";948;26.9375219940673;9.38740421871668;8.05954678500492;205.723912679053;-10.3611106872559;2112689;1
-80.09557;25.53843;"Epinephelus itajara";"60b463ce-d58e-4982-b772-ae8fc9a6f1ef";"GBIF";949;27.0833814072144;8.19852799419395;8.05757578151382;205.318201241099;-101.75;2107289;1
-80.10498;25.51026;"Epinephelus itajara";"60b463ce-d58e-4982-b772-ae8fc9a6f1ef";"GBIF";950;26.9390243548415;9.47392844437474;8.05948164323799;205.737177410695;-6.5;2107288;1
-80.50411;24.95513;"Epinephelus itajara";"60b463ce-d58e-4982-b772-ae8fc9a6f1ef";"GBIF";994;26.90575615757;9.22191965333495;8.05659808686311;205.150948816174;-1.86111116409302;2166691;1
-80.2257;25.35204;"Epinephelus itajara";"60b463ce-d58e-4982-b772-ae8fc9a6f1ef";"GBIF";1004;26.7033076264873;10.7049232174344;8.06141980685026;205.891880472606;-0.333333343267441;2123489;1
-82.116997;24.482369;"Epinephelus itajara";"50c9509d-22c7-4a22-a47d-8c48425ef4a7";"GBIF";1135;26.8532948460154;9.81429367979557;8.05802282989188;207.099160169633;-12.222222328186;2220669;1
-80.010802;26.456015;"Epinephelus itajara";"50c9509d-22c7-4a22-a47d-8c48425ef4a7";"GBIF";1136;26.9942422595001;8.30839909018629;8.05831980743479;205.526445030223;-90.1388854980469;2004671;1
-81.7683;24.47255;"Epinephelus itajara";"60b463ce-d58e-4982-b772-ae8fc9a6f1ef";"GBIF";1141;26.9491664403954;9.54950098440775;8.05705479405535;206.944365004603;-21.1388893127441;2220676;1
-80.09719;25.58869;"Epinephelus itajara";"60b463ce-d58e-4982-b772-ae8fc9a6f1ef";"GBIF";1176;27.0952828563544;8.19128937880997;8.05749210059211;205.343809837905;-88.4722213745117;2101888;1
-80.10048;25.56888;"Epinephelus itajara";"60b463ce-d58e-4982-b772-ae8fc9a6f1ef";"GBIF";1178;26.9239861990438;9.64457924462486;8.05921237311204;205.690435207477;-4.11111116409302;2101887;1
-81.31576;24.57299;"Epinephelus itajara";"60b463ce-d58e-4982-b772-ae8fc9a6f1ef";"GBIF";1180;26.9731744056206;9.42421621964469;8.0565453998428;205.799026540891;-15.3888893127441;2209883;1
-81.36987;24.57349;"Epinephelus itajara";"60b463ce-d58e-4982-b772-ae8fc9a6f1ef";"GBIF";1181;26.9804671752096;9.40667948295131;8.05656569980924;205.862749121332;-8.86111068725586;2209882;1
-81.28487;24.64762;"Epinephelus itajara";"60b463ce-d58e-4982-b772-ae8fc9a6f1ef";"GBIF";1182;26.9822974599514;9.74463944162456;8.05607635671258;205.685240149831;-8.75;2204483;1
-81.11342;24.62255;"Epinephelus itajara";"60b463ce-d58e-4982-b772-ae8fc9a6f1ef";"GBIF";1193;27.0287179243632;9.3270687353213;8.05618533221158;205.518309506503;-18;2204486;1
-80.09693;25.60783;"Epinephelus itajara";"60b463ce-d58e-4982-b772-ae8fc9a6f1ef";"GBIF";1197;27.0620780797499;8.40992282709912;8.057451562368;205.373218243727;-81.6944427490234;2096487;1
-80.16917;25.46434;"Epinephelus itajara";"60b463ce-d58e-4982-b772-ae8fc9a6f1ef";"GBIF";1220;26.811042165351;10.5581156982932;8.0618583957065;206.279605634646;-1.5;2112688;1
-81.04064;24.63986;"Epinephelus itajara";"60b463ce-d58e-4982-b772-ae8fc9a6f1ef";"GBIF";1223;27.0326754795409;8.88012302919648;8.05628989248066;205.513139003977;-56.75;2204488;1
-81.8701;24.53311;"Epinephelus itajara";"60b463ce-d58e-4982-b772-ae8fc9a6f1ef";"GBIF";1294;26.8593302158361;10.4911700751925;8.0574210560298;207.166390960871;-4.77777767181396;2215273;1
-79.890931;26.625735;"Epinephelus itajara";"50c9509d-22c7-4a22-a47d-8c48425ef4a7";"GBIF";1351;27.2588520220484;7.13896740630695;8.05672849308361;205.329140749845;-295.722229003906;1988471;1
-83.591297;27.697853;"Epinephelus itajara";"50c9509d-22c7-4a22-a47d-8c48425ef4a7";"GBIF";1352;24.7669512599261;14.0392708369151;8.07147588137941;216.103349317403;-38.8888893127441;1874976;1
-80.265077;25.615573;"Epinephelus itajara";"50c9509d-22c7-4a22-a47d-8c48425ef4a7";"GBIF";1353;26.6940033387026;11.2893633667074;8.06146286909851;206.211477166157;0;2096483;1
-82.639;25.351;"Epinephelus itajara";"040c5662-da76-4782-a48e-cdea1892d14c";"GBIF";1354;25.9678819162633;11.8974422088415;8.06374712423845;210.140807758678;-36.7222213745117;2123441;1
-82.123361;26.742381;"Epinephelus itajara";"50c9509d-22c7-4a22-a47d-8c48425ef4a7";"GBIF";1355;25.4965473901326;15.9404655052492;8.05517520952389;212.846901794305;-2.05555558204651;1977624;1
-81.554845;25.943218;"Epinephelus itajara";"50c9509d-22c7-4a22-a47d-8c48425ef4a7";"GBIF";1356;25.9828919406558;15.0048992077094;8.05176639071763;210.60981432394;0;2064051;1
-80.19202;25.24426;"Epinephelus itajara";"60b463ce-d58e-4982-b772-ae8fc9a6f1ef";"GBIF";1358;27.0012117109979;8.34808869969494;8.06069680469811;205.432561308252;-72.9444427490234;2139693;1
-80.21928;25.21855;"Epinephelus itajara";"60b463ce-d58e-4982-b772-ae8fc9a6f1ef";"GBIF";1359;26.8416224882811;9.59076020173328;8.0619963971148;205.534673802078;-5.75;2139692;1
-80.0887;25.71367;"Epinephelus itajara";"60b463ce-d58e-4982-b772-ae8fc9a6f1ef";"GBIF";1362;27.0494038183582;8.41595661716309;8.05675833890505;205.282760372382;-86;2085685;1
-80.10019;25.6578;"Epinephelus itajara";"60b463ce-d58e-4982-b772-ae8fc9a6f1ef";"GBIF";1374;26.8918397856939;9.58727790599799;8.05776409911378;205.462698663924;-4.97222232818604;2091085;1
118.633;4.2537;"Epinephelus itajara";"66f6192f-6cc0-45fd-a2d1-e76f5ae3eab2";"GBIF";1443;29.358732944544;2.54119988806485;8.05917616727958;199.649395210448;-23.5;4406688;1
-87.0255;20.3123;"Epinephelus itajara";"66f6192f-6cc0-45fd-a2d1-e76f5ae3eab2";"GBIF";1444;28.0879136076289;3.95262197884075;8.0478856595094;202.010006097157;-110.25;2668854;1
-81.3203;19.3842;"Epinephelus itajara";"66f6192f-6cc0-45fd-a2d1-e76f5ae3eab2";"GBIF";1446;28.2063618656358;4.81622719260307;8.05346036115822;201.82666866861;-52.8333320617676;2771587;1
-34.970806;-6.371972;"Epinephelus itajara";"cb3a4868-9a00-422e-8ede-62045170afc3";"GBIF";1448;27.6886753500155;4.06791103954009;8.03903174376121;201.971987608366;-5.16666650772095;5554029;1
-82.537067;27.168185;"Epinephelus itajara";"50c9509d-22c7-4a22-a47d-8c48425ef4a7";"GBIF";1449;25.0948048500593;16.6175449783312;8.05647479191907;214.286394098429;-7.25;1929007;1
-79.846411;26.638603;"Epinephelus itajara";"50c9509d-22c7-4a22-a47d-8c48425ef4a7";"GBIF";1452;27.3311403242547;6.89636987406338;8.05638948879922;205.169358064435;-361.305541992188;1988472;1
-81.2208;30.4408;"Epinephelus itajara";"66f6192f-6cc0-45fd-a2d1-e76f5ae3eab2";"GBIF";1454;22.9938482253736;16.1354465757665;8.09178309088212;219.259929890299;-17.8611106872559;1577968;1
-79.88;19.6952;"Epinephelus itajara";"66f6192f-6cc0-45fd-a2d1-e76f5ae3eab2";"GBIF";1455;28.2264985531114;4.8345316629654;8.05353818371326;201.697633994587;-236.722229003906;2739210;1
-81.3995;19.3619;"Epinephelus itajara";"66f6192f-6cc0-45fd-a2d1-e76f5ae3eab2";"GBIF";1456;28.214047841823;4.82321164207736;8.05315793644298;201.803567019376;-0.388888895511627;2771586;1
-69.0047;12.1556;"Epinephelus itajara";"66f6192f-6cc0-45fd-a2d1-e76f5ae3eab2";"GBIF";1457;27.7643426345098;4.1011572053323;8.03502544691779;204.722667299059;-204.055557250977;3549577;1
-82.92509;24.56908;"Epinephelus itajara";"29f71768-50ac-4a9d-8985-86638b0b30e4";"GBIF";1458;26.5767446388051;10.5345762963592;8.06181470699202;207.545204868915;-14.75;2209851;1
-82.95744;24.63825;"Epinephelus itajara";"29f71768-50ac-4a9d-8985-86638b0b30e4";"GBIF";1467;26.5833272789448;10.5388830915603;8.06227459789773;207.82141726459;-22.7222213745117;2204449;1
-82.8719;24.60679;"Epinephelus itajara";"29f71768-50ac-4a9d-8985-86638b0b30e4";"GBIF";1468;26.5575229625605;10.7152634853042;8.06133036179976;207.536685596813;-9.44444465637207;2204451;1
-82.9025;24.61115;"Epinephelus itajara";"29f71768-50ac-4a9d-8985-86638b0b30e4";"GBIF";1470;26.5569336048225;10.6796061699399;8.06209868854043;207.782450149143;-10.1388893127441;2204450;1
-82.95765;24.6517;"Epinephelus itajara";"29f71768-50ac-4a9d-8985-86638b0b30e4";"GBIF";1476;26.55965745877;10.6931233372463;8.06232834853487;207.998762247791;-27.4722213745117;2199048;1
-82.78807;24.72353;"Epinephelus itajara";"29f71768-50ac-4a9d-8985-86638b0b30e4";"GBIF";1495;26.4650272965303;11.2564603002597;8.06076348235342;207.853693811398;-24.0277786254883;2193651;1
-82.9613;24.56852;"Epinephelus itajara";"29f71768-50ac-4a9d-8985-86638b0b30e4";"GBIF";1514;26.6135924984315;10.3423347276378;8.06205906099579;207.576624954504;-20.1111106872559;2209850;1
-82.87223;24.59995;"Epinephelus itajara";"29f71768-50ac-4a9d-8985-86638b0b30e4";"GBIF";1538;26.5813673423778;10.5848369542493;8.06131417466445;207.407507653738;-21.8055553436279;2209852;1
-82.80981;24.66948;"Epinephelus itajara";"29f71768-50ac-4a9d-8985-86638b0b30e4";"GBIF";1574;26.5146123938877;10.98446483033;8.06127497221973;207.824188564416;-8.16666698455811;2199051;1
-82.95508;24.54613;"Epinephelus itajara";"29f71768-50ac-4a9d-8985-86638b0b30e4";"GBIF";1604;26.6777368257065;9.96860075356216;8.06238101547197;207.583922005287;-23;2215251;1
-82.94299;24.54212;"Epinephelus itajara";"29f71768-50ac-4a9d-8985-86638b0b30e4";"GBIF";1605;26.6583963623342;10.1187051424773;8.06181038749144;207.452447937302;-23.7222213745117;2215252;1
-83.01213;24.68256;"Epinephelus itajara";"29f71768-50ac-4a9d-8985-86638b0b30e4";"GBIF";1636;26.5717594097751;10.6451273259871;8.06242001933002;208.014418405767;-20.6111106872559;2199047;1
-83.00958;24.7002;"Epinephelus itajara";"29f71768-50ac-4a9d-8985-86638b0b30e4";"GBIF";1644;26.5345724418623;10.8896549439567;8.06248259498541;208.155581317994;-39.1111106872559;2193646;1
-81.45809;24.57066;"Epinephelus itajara";"40bfac0e-a1b5-4c9e-862e-64327195f210";"GBIF";1763;26.9006948159404;10.1227587432076;8.05671977199208;206.318784010454;-6.75;2209880;1
-82.78403;24.66321;"Epinephelus itajara";"29f71768-50ac-4a9d-8985-86638b0b30e4";"GBIF";1895;26.5069983022612;11.0663426742172;8.06095745564451;207.748696868804;-15.3055553436279;2199052;1
-82.9327;24.66436;"Epinephelus itajara";"29f71768-50ac-4a9d-8985-86638b0b30e4";"GBIF";1897;26.5300638067628;10.8416672934173;8.06228482181807;208.009904723623;-16.5833339691162;2199049;1
-82.79516;24.63508;"Epinephelus itajara";"29f71768-50ac-4a9d-8985-86638b0b30e4";"GBIF";1899;26.5369149320479;10.9434292108498;8.06117048241037;207.583811757005;-24.0277786254883;2204453;1
-83.03518;24.61279;"Epinephelus itajara";"29f71768-50ac-4a9d-8985-86638b0b30e4";"GBIF";1987;26.5951099995786;10.4909424832276;8.06236818335938;207.837913159907;-25.0833339691162;2204448;1
-83.09949;24.62398;"Epinephelus itajara";"29f71768-50ac-4a9d-8985-86638b0b30e4";"GBIF";1989;26.6159379680459;10.4644891040583;8.06244330355799;207.843193913758;-19.3888893127441;2204447;1
-83.10259;24.64896;"Epinephelus itajara";"29f71768-50ac-4a9d-8985-86638b0b30e4";"GBIF";1990;26.6348872221038;10.4973433884013;8.06218062747608;207.688399921764;-50.1944427490234;2204446;1
-83.10303;24.65014;"Epinephelus itajara";"29f71768-50ac-4a9d-8985-86638b0b30e4";"GBIF";1992;26.5921278019127;10.7210139305563;8.06322351765019;208.167055601072;-52.4166679382324;2199045;1
-83.08073;24.67767;"Epinephelus itajara";"29f71768-50ac-4a9d-8985-86638b0b30e4";"GBIF";1995;26.591920627997;10.6197856306247;8.06270146087523;208.082738206508;-26.5;2199046;1
-83.05277;24.70534;"Epinephelus itajara";"29f71768-50ac-4a9d-8985-86638b0b30e4";"GBIF";2037;26.5418518680177;10.9048539284081;8.06271896271682;208.161582278186;-50.25;2193645;1
-65.40648;18.16197;"Epinephelus itajara";"a050fb15-1ab6-4d29-b444-b7b8ae576499";"GBIF";2080;27.8323510489837;4.58634874415279;8.05367878794841;203.350109373215;-9.44444465637207;2901529;1
-65.66637;18.13183;"Epinephelus itajara";"a050fb15-1ab6-4d29-b444-b7b8ae576499";"GBIF";2081;27.8531417316975;4.62274806193711;8.05446582574829;203.447936987758;-17.1666660308838;2906925;1
-66.27213;17.8891;"Epinephelus itajara";"a050fb15-1ab6-4d29-b444-b7b8ae576499";"GBIF";2083;27.9008581793872;4.47656923629706;8.05463294024978;203.379672295169;-23.4444446563721;2933918;1
-65.65147;18.18834;"Epinephelus itajara";"a050fb15-1ab6-4d29-b444-b7b8ae576499";"GBIF";2087;27.8765572347636;4.68646587957442;8.05435448265609;203.431366533483;-8.47222232818604;2901524;1
-66.15689;17.86295;"Epinephelus itajara";"a050fb15-1ab6-4d29-b444-b7b8ae576499";"GBIF";2088;27.8871812556645;4.46447321338757;8.05462201273757;203.395548186535;-26.3888893127441;2933920;1
-66.0881;17.9469;"Epinephelus itajara";"a050fb15-1ab6-4d29-b444-b7b8ae576499";"GBIF";2089;27.8811315465159;4.46607566420044;8.05491250809686;203.418804511198;-35.6666679382324;2928521;1
-66.1286;17.8959;"Epinephelus itajara";"a050fb15-1ab6-4d29-b444-b7b8ae576499";"GBIF";2092;27.8778402905353;4.43440120321248;8.05464927355449;203.418653700087;-42.9722213745117;2933921;1
-65.61424;18.41384;"Epinephelus itajara";"a050fb15-1ab6-4d29-b444-b7b8ae576499";"GBIF";2098;27.7917376066708;4.43688232613731;8.05447570114715;203.538822114295;-28.9166660308838;2874520;1
-65.56673;18.27179;"Epinephelus itajara";"a050fb15-1ab6-4d29-b444-b7b8ae576499";"GBIF";2105;27.8478226728142;4.63883447045464;8.05361197176846;203.312286668257;-9.30555534362793;2890724;1
-66.1142;17.912;"Epinephelus itajara";"a050fb15-1ab6-4d29-b444-b7b8ae576499";"GBIF";2108;27.8894063471535;4.48269956465822;8.05486351394323;203.412126362803;-9.16666698455811;2928520;1
-66.0336;17.9324;"Epinephelus itajara";"a050fb15-1ab6-4d29-b444-b7b8ae576499";"GBIF";2110;27.8676594728905;4.42072527276735;8.0550216488261;203.417578521293;-190.527770996094;2928522;1
-65.981;17.9492;"Epinephelus itajara";"a050fb15-1ab6-4d29-b444-b7b8ae576499";"GBIF";2111;27.8627069346213;4.40566253848976;8.0550083134196;203.420251126628;-870.277770996094;2928523;1
-65.49566;18.36408;"Epinephelus itajara";"a050fb15-1ab6-4d29-b444-b7b8ae576499";"GBIF";2130;27.8051349673595;4.49294845688137;8.05388398981597;203.370628291486;-37.3055572509766;2879924;1
-66.80973;17.94476;"Epinephelus itajara";"a050fb15-1ab6-4d29-b444-b7b8ae576499";"GBIF";2220;27.9439401715308;4.44411392523874;8.05419349183228;203.287752367256;-260.888885498047;2928506;1
-66.94222;17.92635;"Epinephelus itajara";"a050fb15-1ab6-4d29-b444-b7b8ae576499";"GBIF";2225;27.9498605072914;4.46961453022061;8.05393507946275;203.280273905761;-2.19444441795349;2928504;1
-65.36471;18.35763;"Epinephelus itajara";"a050fb15-1ab6-4d29-b444-b7b8ae576499";"GBIF";2233;27.7754441671375;4.51105715738825;8.05373100800948;203.311094457453;-37.3611106872559;2879926;1
-65.37103;18.23523;"Epinephelus itajara";"a050fb15-1ab6-4d29-b444-b7b8ae576499";"GBIF";2243;27.7927517394584;4.55380598669126;8.05360310593296;203.343876294395;-23.8333339691162;2896129;1
-80.76309;24.74722;"Epinephelus itajara";"40bfac0e-a1b5-4c9e-862e-64327195f210";"GBIF";2364;27.0459699776038;8.97370173913494;8.0543795228225;205.289073365775;-48.25;2193691;1
-65.44341;18.08695;"Epinephelus itajara";"a050fb15-1ab6-4d29-b444-b7b8ae576499";"GBIF";2445;27.8018208931696;4.46788472479591;8.05402218500034;203.460341020627;-86.8888854980469;2912331;1
-65.70934;18.09886;"Epinephelus itajara";"a050fb15-1ab6-4d29-b444-b7b8ae576499";"GBIF";2446;27.8592454985149;4.65634025777159;8.0547330129374;203.462932201791;-173.111114501953;2912325;1
-65.19358;18.27222;"Epinephelus itajara";"a050fb15-1ab6-4d29-b444-b7b8ae576499";"GBIF";2466;27.737496855029;4.4619110821731;8.05379382208121;203.397708335998;-31.8611106872559;2890732;1
-65.74689;18.41325;"Epinephelus itajara";"a050fb15-1ab6-4d29-b444-b7b8ae576499";"GBIF";2473;27.7883417458995;4.46144292800967;8.05497335552684;203.693833978523;-25.8611106872559;2874518;1
-65.34166;18.35649;"Epinephelus itajara";"a050fb15-1ab6-4d29-b444-b7b8ae576499";"GBIF";2474;27.7637054829284;4.50078836374082;8.05369801079981;203.309034463594;-41.5555572509766;2879927;1
-65.29431;18.35374;"Epinephelus itajara";"a050fb15-1ab6-4d29-b444-b7b8ae576499";"GBIF";2486;27.7456288949776;4.44858317289308;8.05368173414639;203.303646929969;-48;2879928;1
-65.69804;18.09755;"Epinephelus itajara";"a050fb15-1ab6-4d29-b444-b7b8ae576499";"GBIF";2490;27.8214127471369;4.48009490717047;8.05454703453359;203.454673839625;-532.777770996094;2912326;1
-65.7506;18.11987;"Epinephelus itajara";"a050fb15-1ab6-4d29-b444-b7b8ae576499";"GBIF";2509;27.88793680418;4.79812610879397;8.05471472518102;203.464855260882;-0.555555582046509;2906923;1
-65.37817;18.09861;"Epinephelus itajara";"a050fb15-1ab6-4d29-b444-b7b8ae576499";"GBIF";2512;27.7867006652009;4.44147506390937;8.05391610446934;203.472275527348;-352.166656494141;2912332;1
-87.474007;29.770597;"Epinephelus itajara";"50c9509d-22c7-4a22-a47d-8c48425ef4a7";"GBIF";2521;23.9006322145521;14.33671884914;8.06593869439146;222.419648340312;-39.6666679382324;1648056;1
-95.156918;18.737278;"Epinephelus itajara";"50c9509d-22c7-4a22-a47d-8c48425ef4a7";"GBIF";2522;27.0960580954273;6.47746427473936;8.05048060035553;204.061721317787;-87.3611145019531;2841523;1
-95.02309;18.630639;"Epinephelus itajara";"50c9509d-22c7-4a22-a47d-8c48425ef4a7";"GBIF";2523;27.131491145226;6.33237152163091;8.04939970819982;204.016061755915;-276.222229003906;2852328;1
-80.23429;25.33579;"Epinephelus itajara";"40bfac0e-a1b5-4c9e-862e-64327195f210";"GBIF";2524;26.7161112274746;10.3689040881761;8.06141519373662;205.60841606568;-3.38888883590698;2128890;1
-80.24174;25.27903;"Epinephelus itajara";"40bfac0e-a1b5-4c9e-862e-64327195f210";"GBIF";2559;26.7908039582122;9.89614261226536;8.0620423702564;205.547876392115;-5.05555534362793;2134291;1
-81.14199;24.65122;"Epinephelus itajara";"40bfac0e-a1b5-4c9e-862e-64327195f210";"GBIF";2595;26.9842972341243;9.98750912863734;8.05546660859723;205.627112805224;-4.47222232818604;2199085;1
-67.15224;17.91654;"Epinephelus itajara";"a050fb15-1ab6-4d29-b444-b7b8ae576499";"GBIF";2758;27.9370399417571;4.4431291898184;8.05350551179548;203.263254922348;-9.63888931274414;2928499;1
-67.15485;17.89312;"Epinephelus itajara";"a050fb15-1ab6-4d29-b444-b7b8ae576499";"GBIF";2786;27.9146146128834;4.35359746595554;8.05346737837819;203.274124213216;-327.416656494141;2933900;1
114.17;-21.7701;"Epinephelus itajara";"66f6192f-6cc0-45fd-a2d1-e76f5ae3eab2";"GBIF";2789;25.2026374047644;8.05997696675396;8.08914541742807;209.083814373605;-9.86111068725586;7220520;1
-80.09926;25.67;"Epinephelus itajara";"40bfac0e-a1b5-4c9e-862e-64327195f210";"GBIF";2790;27.0794440360916;8.24731468830004;8.05707729848967;205.325441142226;-81.8055572509766;2091086;1
-66.49773;17.90414;"Epinephelus itajara";"a050fb15-1ab6-4d29-b444-b7b8ae576499";"GBIF";2822;27.9385941309844;4.58831512571123;8.05463320024705;203.338979886478;-8.47222232818604;2928513;1
-66.45966;17.8857;"Epinephelus itajara";"a050fb15-1ab6-4d29-b444-b7b8ae576499";"GBIF";2823;27.9178172849492;4.5017368313249;8.05458442204532;203.332092150691;-18.8888893127441;2933914;1
-80.29257;25.09988;"Epinephelus itajara";"40bfac0e-a1b5-4c9e-862e-64327195f210";"GBIF";2856;26.9839964896506;8.43901368168901;8.05787268499515;205.099851929522;-64.3055572509766;2155894;1
-79.861326;26.799212;"Epinephelus itajara";"50c9509d-22c7-4a22-a47d-8c48425ef4a7";"GBIF";2926;27.2071423839311;7.29417755131102;8.05649376235901;205.378547615119;-279.638885498047;1972268;1
-83.0075;28.03;"Epinephelus itajara";"66f6192f-6cc0-45fd-a2d1-e76f5ae3eab2";"GBIF";2928;24.3366247161873;17.4107282331067;8.05204716282284;217.55705249604;-12.972222328186;1837180;1
99.7787;10.1725;"Epinephelus itajara";"66f6192f-6cc0-45fd-a2d1-e76f5ae3eab2";"GBIF";2929;29.0961231096214;4.41429724760316;8.04286020028964;203.406213351317;-58.25;3768993;1
-85.824;30.061;"Epinephelus itajara";"66f6192f-6cc0-45fd-a2d1-e76f5ae3eab2";"GBIF";2931;23.433374787005;15.1376397414781;8.07164042984692;221.510487933437;-22.8888893127441;1615683;1
-85.707;30.032;"Epinephelus itajara";"66f6192f-6cc0-45fd-a2d1-e76f5ae3eab2";"GBIF";2932;23.4085099879223;15.1953694705258;8.07094942194159;221.700187234242;-20.5555553436279;1621086;1
-80.65685;24.939685;"Epinephelus itajara";"50c9509d-22c7-4a22-a47d-8c48425ef4a7";"GBIF";2934;27.0053531654426;9.78257301419169;8.05383026334388;205.275044496321;-1.22222220897675;2172089;1
-82.30792;26.751096;"Epinephelus itajara";"50c9509d-22c7-4a22-a47d-8c48425ef4a7";"GBIF";2935;25.3929433700341;15.9345823120587;8.05649766190853;213.420249407394;-9.86111068725586;1972219;1
-121.895;36.6002;"Epinephelus itajara";"66f6192f-6cc0-45fd-a2d1-e76f5ae3eab2";"GBIF";2937;12.9871602297934;5.92439576502802;7.94360981668745;257.020643506731;-27.6388893127441;907431;1
-81.1858;23.2121;"Epinephelus itajara";"66f6192f-6cc0-45fd-a2d1-e76f5ae3eab2";"GBIF";2940;27.2780737433725;7.24334112182073;8.0552729231845;203.784645390247;-27.4444446563721;2355713;1
-81.1215;22.1275;"Epinephelus itajara";"66f6192f-6cc0-45fd-a2d1-e76f5ae3eab2";"GBIF";2942;28.0892615768481;6.69704092713786;8.06192537716457;202.286949157715;-62.75;2474536;1
-109.418;23.4452;"Epinephelus itajara";"66f6192f-6cc0-45fd-a2d1-e76f5ae3eab2";"GBIF";2944;25.6680419297178;11.6039282015523;8.00670668053287;210.651659283451;0;2333544;1
-87.442;19.311;"Epinephelus itajara";"040c5662-da76-4782-a48e-cdea1892d14c";"GBIF";2945;27.9279428277298;4.05053995873857;8.04836413581685;201.382936035683;-26.3333339691162;2776866;1
-86.9587;20.5156;"Epinephelus itajara";"66f6192f-6cc0-45fd-a2d1-e76f5ae3eab2";"GBIF";2946;28.0195271983954;3.9862322461278;8.04754032601334;202.944938891602;-275.138885498047;2647251;1
-87.0073;20.4341;"Epinephelus itajara";"66f6192f-6cc0-45fd-a2d1-e76f5ae3eab2";"GBIF";2947;28.0456292876958;3.98237065233012;8.04783683640223;202.736519563017;-56.3333320617676;2658052;1
-80.0884;26.2054;"Epinephelus itajara";"66f6192f-6cc0-45fd-a2d1-e76f5ae3eab2";"GBIF";2950;27.0405176713864;8.55071642181366;8.05687797199444;205.384001873896;-30.2222213745117;2031675;1
-79.8389;19.7127;"Epinephelus itajara";"66f6192f-6cc0-45fd-a2d1-e76f5ae3eab2";"GBIF";2952;28.2238012327049;4.85839665097155;8.05359854112282;201.701182679701;-59.4722213745117;2733810;1
2.51084;41.5246;"Epinephelus itajara";"66f6192f-6cc0-45fd-a2d1-e76f5ae3eab2";"GBIF";2954;18.487689844952;14.4770280644454;8.07075952078933;237.401398139362;-24.7222213745117;380621;1
-80.1017;24.6683;"Epinephelus itajara";"ccddb599-33cb-4206-bbb9-d8dc641c70cd";"GBIF";2964;27.5829393576144;6.23716776465417;8.05559741973227;204.4935392923;-712.111083984375;2199105;1
-82.90621;24.70901;"Epinephelus itajara";"20e8d7fb-9b3b-43c6-a81d-8ebcd6c0ab11";"GBIF";3267;26.5166444949693;11.0178681308049;8.06234078575946;208.096928550053;-32.8611106872559;2193648;1
-83.04564;24.56528;"Epinephelus itajara";"20e8d7fb-9b3b-43c6-a81d-8ebcd6c0ab11";"GBIF";3686;26.6270667807305;10.2871515752011;8.06238504577567;207.688407294807;-27.0555553436279;2209849;1
-83.1885;27.4888;"Epinephelus itajara";"66f6192f-6cc0-45fd-a2d1-e76f5ae3eab2";"GBIF";3881;24.8137418049247;15.9327834725821;8.0648971253403;215.851338073763;-28.2222213745117;1896588;1
25.0214;35.4184;"Epinephelus itajara";"66f6192f-6cc0-45fd-a2d1-e76f5ae3eab2";"GBIF";4138;20.9637786992153;12.6664025082807;8.07923906296334;221.508596948468;-54.0555572509766;1039993;1
-79.985152;26.841259;"Epinephelus itajara";"50c9509d-22c7-4a22-a47d-8c48425ef4a7";"GBIF";4331;26.8681146189386;8.62076070926783;8.05656523975021;205.558500572715;-103.027778625488;1966865;1
-81.61539;24.55841;"Epinephelus itajara";"ccddb599-33cb-4206-bbb9-d8dc641c70cd";"GBIF";4381;26.8692195780364;10.2488070039305;8.05680524512582;206.624710851076;-3.52777767181396;2209877;1
-80.11656;25.63973;"Epinephelus itajara";"ccddb599-33cb-4206-bbb9-d8dc641c70cd";"GBIF";4413;26.9114340754875;9.63277464490775;8.05838182237413;205.581320020888;-4.52777767181396;2096486;1
-77.237009;25.093485;"Epinephelus itajara";"50c9509d-22c7-4a22-a47d-8c48425ef4a7";"GBIF";4474;26.862069742705;8.02861378853314;8.06521692865545;204.262593655673;-3.19444441795349;2155955;1
-82.5848;27.3068;"Epinephelus itajara";"66f6192f-6cc0-45fd-a2d1-e76f5ae3eab2";"GBIF";4475;24.9734826223496;16.9590128732255;8.05690511816149;215.015947253879;0;1912803;1
99.7926;10.1238;"Epinephelus itajara";"66f6192f-6cc0-45fd-a2d1-e76f5ae3eab2";"GBIF";4477;29.1026446457085;4.43243843987604;8.04211716312494;203.231757530266;-57.4444427490234;3774394;1
-77.5675;25.0028;"Epinephelus itajara";"66f6192f-6cc0-45fd-a2d1-e76f5ae3eab2";"GBIF";4487;26.895527583205;7.78222528552474;8.06545533777715;204.133160100129;-90.5833358764648;2161349;1
-82.8715;27.4794;"Epinephelus itajara";"66f6192f-6cc0-45fd-a2d1-e76f5ae3eab2";"GBIF";4489;24.7354885375175;16.7745305437346;8.0574996185159;215.811779142091;-11.6388893127441;1896594;1
-85.8569;29.9905;"Epinephelus itajara";"66f6192f-6cc0-45fd-a2d1-e76f5ae3eab2";"GBIF";4492;23.5873285719515;14.4956688743939;8.07229236340807;221.354486926898;-30.25;1626484;1
-85.7945;29.9008;"Epinephelus itajara";"66f6192f-6cc0-45fd-a2d1-e76f5ae3eab2";"GBIF";4496;23.559616823272;14.5911257169657;8.07138321741725;221.486069194305;-28.4166660308838;1631887;1
-83.186;27.876;"Epinephelus itajara";"66f6192f-6cc0-45fd-a2d1-e76f5ae3eab2";"GBIF";4500;24.4765562597723;16.5735009058679;8.06094200984571;217.154999482808;-21.3333339691162;1853380;1
103.295;10.6271;"Epinephelus itajara";"66f6192f-6cc0-45fd-a2d1-e76f5ae3eab2";"GBIF";4501;29.2232115181575;4.15955704988884;8.04242835482994;203.148442470813;-1.13888883590698;3720454;1
-81.888;26.086;"Epinephelus itajara";"66f6192f-6cc0-45fd-a2d1-e76f5ae3eab2";"GBIF";4502;25.8409437235781;15.1104397196226;8.05377125207745;211.6896237206;-7.75;2047842;1
-52.29626;4.94111;"Epinephelus itajara";"f946666e-67dc-4848-9fa8-2162f3559e33";"GBIF";4505;28.3915269260405;3.42826648056152;8.02093984013186;212.337425632738;0;4333057;1
-44.264283;-0.869867;"Epinephelus itajara";"2e48d298-76bf-40c4-bb7a-af01508498fd";"GBIF";4507;27.7176310963241;2.52392092093173;8.03240654882857;201.764940570439;-9.69444465637207;4959733;1
-35.0725;-5.56435;"Epinephelus itajara";"2e48d298-76bf-40c4-bb7a-af01508498fd";"GBIF";4508;27.6327508228212;3.60024074893166;8.03639650140975;202.002865178417;-23.5833339691162;5467611;1
-83.057417;24.59345;"Epinephelus itajara";"3063fd20-83ba-4716-9a5e-07fcea584f06";"GBIF";4768;26.6446894063066;10.2347021924741;8.06217430297376;207.609194902378;-29.5833339691162;2209848;1
-80.021;26.653;"Epinephelus itajara";"66f6192f-6cc0-45fd-a2d1-e76f5ae3eab2";"GBIF";5312;27.1436329791327;8.0316413194033;8.05666830899252;205.561663088707;-22.4722213745117;1983067;1
-82.863;27.677;"Epinephelus itajara";"66f6192f-6cc0-45fd-a2d1-e76f5ae3eab2";"GBIF";5313;24.6277029107253;17.2777528381818;8.05653385331287;216.531772288019;-9.19444465637207;1874990;1
-80.1073;25.75155;"Epinephelus itajara";"9a71aa12-7636-4381-9986-d8f03240b277";"GBIF";5769;26.8885626227917;9.34500315932844;8.05713403707275;205.348947717156;-1.38888883590698;2080283;1
-52.478154;5.355366;"Epinephelus itajara";"50c9509d-22c7-4a22-a47d-8c48425ef4a7";"GBIF";5893;27.5607052018529;2.56397273785185;8.03115951075312;211.796173395902;-28.5277786254883;4284444;1
-87.0886;20.5516;"Epinephelus itajara";"66f6192f-6cc0-45fd-a2d1-e76f5ae3eab2";"GBIF";5894;27.861472143767;3.98095823449605;8.04804935379466;202.865673927436;-114.416664123535;2641848;1
-17.9821;27.6412;"Epinephelus itajara";"66f6192f-6cc0-45fd-a2d1-e76f5ae3eab2";"GBIF";5896;21.7813875687757;6.58753004865649;8.04383001066191;223.413246355162;-470.472229003906;1881689;1
-86.745921;21.595985;"Epinephelus itajara";"50c9509d-22c7-4a22-a47d-8c48425ef4a7";"GBIF";5898;26.8474121559021;4.13413380636379;8.05093782184056;204.802268805134;-22.5277786254883;2533835;1
-86.889;20.7484;"Epinephelus itajara";"66f6192f-6cc0-45fd-a2d1-e76f5ae3eab2";"GBIF";5900;27.9240527759954;3.98735279489992;8.05072951567443;203.990056925157;-231.305557250977;2625649;1
-80.4473;25.0865;"Epinephelus itajara";"66f6192f-6cc0-45fd-a2d1-e76f5ae3eab2";"GBIF";6284;26.8387476393617;10.171512057046;8.0571425769992;205.16093688835;-0.972222208976746;2155891;1
-81.44;24.27;"Epinephelus itajara";"66f6192f-6cc0-45fd-a2d1-e76f5ae3eab2";"GBIF";6286;27.2227066412696;7.49836199831927;8.05658902274881;205.195287872874;-242.888885498047;2242287;1
-96.144592;15.735708;"Epinephelus itajara";"a1229594-2bce-4682-8674-d3db51da9923";"GBIF";6366;28.7252408055854;5.93699652311071;8.01149371546868;207.149424646526;-79.5;3165564;1
-77.9189;25.8261;"Epinephelus itajara";"821cc27a-e3bb-4bc5-ac34-89ada245069d";"GBIF";7464;26.9389159864669;7.79992354595541;8.06533534719778;204.525236717762;-33.3055572509766;2074926;1
-96.223017;15.695983;"Epinephelus itajara";"a1229594-2bce-4682-8674-d3db51da9923";"GBIF";7466;28.7789749382619;5.72764149850044;8.01100102157836;207.178898318258;-99.8055572509766;3170963;1
-101.65085;17.67535;"Epinephelus itajara";"a1229594-2bce-4682-8674-d3db51da9923";"GBIF";7964;29.2116789959367;5.29185271010705;8.03181746040454;212.816958668332;-59.4166679382324;2954814;1
-101.5549;17.615467;"Epinephelus itajara";"a1229594-2bce-4682-8674-d3db51da9923";"GBIF";8032;29.2240338345919;5.2794736591322;8.02557750492115;208.723907142629;0;2960217;1
-52.58959;5.29743;"Epinephelus itajara";"f946666e-67dc-4848-9fa8-2162f3559e33";"GBIF";8033;27.9848657203616;3.04365220216702;8.03144120604818;211.933559134997;-4.22222232818604;4295244;1
-52.19817;4.91331;"Epinephelus itajara";"f946666e-67dc-4848-9fa8-2162f3559e33";"GBIF";8034;28.3660555272708;3.29404620331353;8.01824926173266;212.189321148116;-4.61111116409302;4333059;1
-81.700517;24.550517;"Epinephelus itajara";"1ea1cb01-e168-4236-be23-8c86ec51fc3f";"GBIF";8230;26.852022962634;10.6109912875515;8.0569974690202;207.044378183578;-1.16666662693024;2209875;1
-82.816813;24.752181;"Epinephelus itajara";"50c9509d-22c7-4a22-a47d-8c48425ef4a7";"GBIF";8398;26.468218977224;11.2657722200478;8.0612341693701;207.993263989746;-35.4166679382324;2188249;1
-80.9006;24.752483;"Epinephelus itajara";"1ea1cb01-e168-4236-be23-8c86ec51fc3f";"GBIF";8529;26.9523974282557;10.6678631504897;8.05529312884822;205.516464310931;-1.61111116409302;2188287;1
-80.2507;25.26025;"Epinephelus itajara";"e6712257-e922-4bc3-8b5e-e567a0458ad2";"GBIF";9766;26.7574804015718;10.5090751436489;8.0621082979758;205.558215033374;-1.36111116409302;2134290;1
-96.083333;15.75;"Epinephelus itajara";"a1229594-2bce-4682-8674-d3db51da9923";"GBIF";10330;28.7034109219381;5.99870065652547;8.01141344979687;207.106215127306;-123.277778625488;3165565;1
-80.170667;25.5002;"Epinephelus itajara";"2f1f9ef5-07bf-4ddb-931a-930f251de793";"GBIF";10364;26.8122004712147;10.6817233281912;8.06184893630838;206.301315511456;-1.88888883590698;2107287;1
-80.397617;24.99735;"Epinephelus itajara";"2f1f9ef5-07bf-4ddb-931a-930f251de793";"GBIF";10693;26.9458719852654;8.47783129241573;8.05709664904817;205.106492675307;-59.7777786254883;2166694;1
-80.248967;25.1483;"Epinephelus itajara";"2f1f9ef5-07bf-4ddb-931a-930f251de793";"GBIF";10697;26.9793584056883;8.52556022175746;8.0588497704797;205.184239469712;-76.3888854980469;2150494;1
-75.470703;35.599201;"Epinephelus itajara";"2a79f202-3f3a-4d54-88fa-09aa8de1ac73";"GBIF";10895;18.9151556684832;23.3174897276976;8.11058659600134;222.845287780164;-1.16666662693024;1021780;1
-88.11667;17.45;"Epinephelus itajara";"040c5662-da76-4782-a48e-cdea1892d14c";"GBIF";10896;28.3815941530343;5.63912957447564;8.04941782592305;200.500459692399;-9.66666698455811;2982090;1
-87.399;18.666;"Epinephelus itajara";"6555005d-4594-4a3e-be33-c70e587b63d7";"GBIF";10898;28.0634484938561;4.01965409388579;8.04781664504102;201.287888188227;-2.72222232818604;2847080;1
-90.405;20.787;"Epinephelus itajara";"040c5662-da76-4782-a48e-cdea1892d14c";"GBIF";10899;27.3404273562497;8.60649006644192;8.04915609542682;202.706772997782;-2.05555558204651;2620177;1
-87.457;19.307;"Epinephelus itajara";"040c5662-da76-4782-a48e-cdea1892d14c";"GBIF";10900;27.9813971515987;4.49488629156461;8.04843830234846;201.377715537658;-1.77777779102325;2776865;1
-109.848611;24.250278;"Epinephelus itajara";"e2f48768-39a3-4fdf-894c-52b9776ead07";"GBIF";11851;25.3649605299139;11.9115710449403;8.01322267683889;210.273850408632;-591.5;2241719;1
-80.325533;25.213317;"Epinephelus itajara";"5c02bff2-9680-4df7-b543-3682b60e6b76";"GBIF";12134;26.738124312066;11.4129442319021;8.06125892179353;205.509894863775;0;2139690;1
-79.890833;26.954465;"Epinephelus itajara";"50c9509d-22c7-4a22-a47d-8c48425ef4a7";"GBIF";12190;27.1156129256408;7.35069515385914;8.05696850323474;205.45993864296;-253;1950664;1
-32.227085;-3.970595;"Epinephelus itajara";"50c9509d-22c7-4a22-a47d-8c48425ef4a7";"GBIF";12970;27.6047838104199;3.15846350699999;8.02865590999317;203.81830186855;-3910.9443359375;5294836;1
-61.52925;10.266194;"Epinephelus itajara";"7e511b48-b11f-40cf-8671-8b81d0dbfa39";"GBIF";12972;28.1856015295713;4.17114556159661;8.00193582739365;203.798587438704;-7.61111116409302;3754965;1
-39.15;-17.91;"Epinephelus itajara";"c2bf53e6-dd29-4d6e-b3d0-32de38b8f307";"GBIF";12973;26.1318424188064;5.34287904556448;8.05633008378573;207.28959549364;-16.0555553436279;6801577;1
-82.9828;27.7267;"Epinephelus itajara";"66f6192f-6cc0-45fd-a2d1-e76f5ae3eab2";"GBIF";13085;24.5475493743194;17.0201749116152;8.05527238044886;216.968875547808;-12.1111106872559;1869587;1
-36.4185;-20.41495;"Epinephelus itajara";"1edcfe6d-da55-4d59-b30e-468cd21f8b0b";"GBIF";13664;26.1118877552597;5.54988350264078;8.05033922112383;206.924701842165;-1585.11108398438;7071681;1
-76.51772;8.78348;"Epinephelus itajara";"ba1e6e34-8196-422a-ae31-f71717dd1de8";"GBIF";13794;29.0501510604712;3.10792413044553;8.04098407996429;200.684841236164;0;3916695;1
-39.06;-16.91;"Epinephelus itajara";"c2bf53e6-dd29-4d6e-b3d0-32de38b8f307";"GBIF";14099;26.2207802919326;5.11847945739876;8.06190104264613;207.533089766614;-8.75;6693558;1
-1.35057;5.08587;"Epinephelus itajara";"40a262b4-6627-4011-afbe-159c00ec97e7";"GBIF";14521;27.0008981916351;7.15420145552919;7.98839789669916;211.02554809367;0;4317872;1
-80.790517;24.802983;"Epinephelus itajara";"03837eb5-6905-420d-b3c6-95938753ace7";"GBIF";14763;27.0130962247467;9.90699175362234;8.0542218746509;205.321978650717;-2.08333325386047;2182889;1
-76.067398;35.097401;"Epinephelus itajara";"2a79f202-3f3a-4d54-88fa-09aa8de1ac73";"GBIF";15169;20.3960097016502;19.3718033284983;8.10857957586082;224.30638406924;-2.05555558204651;1075778;1
-82.5506;27.7539;"Epinephelus itajara";"66f6192f-6cc0-45fd-a2d1-e76f5ae3eab2";"GBIF";15170;24.7556179209308;17.4418756967568;8.05387285013432;216.525818902787;-4.63888883590698;1864194;1
-105.3923041;20.7309332;"Epinephelus itajara";"80ac6ada-f762-11e1-a439-00145eb45e9a";"GBIF";15171;27.6751364819546;9.31815580329451;8.00754004433609;206.391157068122;-55.1388893127441;2625279;1
-91.57;18.708;"Epinephelus itajara";"1f7bb798-150d-44c2-b7a6-372f341e5ff4";"GBIF";15242;27.9427314226337;8.0309864757939;8.04416348925418;200.412392890623;-7.72222232818604;2841595;1
-74.510002;11.2;"Epinephelus itajara";"c98e27a5-6876-4e09-b60a-2e4716ecad70";"GBIF";15246;27.2712903134795;5.29302234113857;8.05623195680983;212.635810615738;-463;3657487;1
-73.349998;11.5;"Epinephelus itajara";"c98e27a5-6876-4e09-b60a-2e4716ecad70";"GBIF";15252;26.7864748963536;6.74470626735514;8.04454223829039;205.565400756851;-124.944442749023;3625105;1
-66.5;11.83;"Epinephelus itajara";"fbd321be-0dd6-466b-8bb3-701ea697dfcf";"GBIF";15253;27.7131791920874;4.24612670636578;8.03334043047053;204.37314102054;-576.527770996094;3587435;1
-53.78;5.73;"Epinephelus itajara";"a1d21898-1f56-4e38-8f71-e2b821187790";"GBIF";15254;28.2024891214101;3.53220334739787;8.0344592180343;207.787873994277;-0.305555552244186;4246611;1
-51.98;4.63;"Epinephelus itajara";"a1d21898-1f56-4e38-8f71-e2b821187790";"GBIF";15255;28.5071657337028;3.63225012306467;8.00813419130291;212.112487353835;-19.8611106872559;4365469;1
-51.89;4.68;"Epinephelus itajara";"a1d21898-1f56-4e38-8f71-e2b821187790";"GBIF";15257;28.5042632784446;3.4846002896692;8.00678620508332;212.288946352794;0;4360070;1
-51.78;4.6;"Epinephelus itajara";"a1d21898-1f56-4e38-8f71-e2b821187790";"GBIF";15258;28.2156476993476;3.12381081882202;8.0019514618281;212.664203130171;0;4370874;1
-52.16;4.81;"Epinephelus itajara";"a1d21898-1f56-4e38-8f71-e2b821187790";"GBIF";15260;28.5708627932644;3.78470951658652;8.01449859134912;212.099705285331;-2.41666674613953;4343861;1
-52.51;5.06;"Epinephelus itajara";"a1d21898-1f56-4e38-8f71-e2b821187790";"GBIF";15263;28.4463701384886;3.56047371180739;8.02814464839003;212.015139190045;0;4316849;1
-53.2;5.54;"Epinephelus itajara";"a1d21898-1f56-4e38-8f71-e2b821187790";"GBIF";15265;28.3359369046098;3.6172694271584;8.03195170385369;209.567367271617;0;4268227;1
-52.21;4.86;"Epinephelus itajara";"a1d21898-1f56-4e38-8f71-e2b821187790";"GBIF";15266;28.4038883300262;3.45554301327629;8.01900826153097;212.201310110604;0;4338459;1
-52.58;5.14;"Epinephelus itajara";"a1d21898-1f56-4e38-8f71-e2b821187790";"GBIF";15267;28.3312404843309;3.41446801826849;8.02954189748058;211.966044704616;-2.05555558204651;4311447;1
-52.85;5.36;"Epinephelus itajara";"a1d21898-1f56-4e38-8f71-e2b821187790";"GBIF";15270;28.3689819797986;3.59268084903218;8.02911538129461;211.307992696783;-12.3888893127441;4284437;1
-53.11;5.52;"Epinephelus itajara";"a1d21898-1f56-4e38-8f71-e2b821187790";"GBIF";15271;28.3037884812314;3.59128474427733;8.03043198826963;210.053734247976;-3.63888883590698;4268228;1
-52.97;5.46;"Epinephelus itajara";"a1d21898-1f56-4e38-8f71-e2b821187790";"GBIF";15273;28.2142389176888;3.4457721145857;8.02705589233399;210.732569110863;-10.527777671814;4273632;1
-52.62;5.18;"Epinephelus itajara";"a1d21898-1f56-4e38-8f71-e2b821187790";"GBIF";15282;28.3365142381789;3.43745870972607;8.0299815099495;211.928163741808;-1.16666662693024;4306045;1
-53.07;5.49;"Epinephelus itajara";"a1d21898-1f56-4e38-8f71-e2b821187790";"GBIF";15284;28.3030805818939;3.59540602489703;8.02839242544123;210.523852340206;-1.02777779102325;4273630;1
-53.82;5.76;"Epinephelus itajara";"a1d21898-1f56-4e38-8f71-e2b821187790";"GBIF";15290;28.1289177000186;3.48033815028068;8.03458799592383;207.970216967084;-8.58333301544189;4241209;1
-51.73;4.46;"Epinephelus itajara";"a1d21898-1f56-4e38-8f71-e2b821187790";"GBIF";15291;28.3578667465121;3.27378694900625;8.00080418382798;212.697742246086;-7.47222232818604;4381677;1
-51.98;4.68;"Epinephelus itajara";"a1d21898-1f56-4e38-8f71-e2b821187790";"GBIF";15294;28.4940035536848;3.64956929431581;8.00843597478674;212.012293215252;-68.4166641235352;4360068;1
-53.46;5.57;"Epinephelus itajara";"a1d21898-1f56-4e38-8f71-e2b821187790";"GBIF";15295;28.0093810224461;3.20181991144549;8.03272133769399;209.188082239619;0;4262820;1
-53.69;5.69;"Epinephelus itajara";"a1d21898-1f56-4e38-8f71-e2b821187790";"GBIF";15296;27.9988502878654;3.30375715418664;8.03412321158906;208.267806496603;-40.7222213745117;4252014;1
-52.12;4.79;"Epinephelus itajara";"a1d21898-1f56-4e38-8f71-e2b821187790";"GBIF";15302;28.4897137858724;3.61349614813332;8.0107415246075;212.027000065246;-15.6388893127441;4349263;1
-53.04;5.47;"Epinephelus itajara";"a1d21898-1f56-4e38-8f71-e2b821187790";"GBIF";15304;28.262481216088;3.51472204597485;8.0270963732943;210.713523186695;-6.11111116409302;4273631;1
-52.64;5.21;"Epinephelus itajara";"a1d21898-1f56-4e38-8f71-e2b821187790";"GBIF";15310;28.2010015395073;3.28767668687424;8.03042745296312;211.912592643009;-3.44444441795349;4300644;1
-53.6;5.65;"Epinephelus itajara";"a1d21898-1f56-4e38-8f71-e2b821187790";"GBIF";15311;27.9145463604957;3.17378406176583;8.03334418376432;208.871900330511;-34.8055572509766;4257417;1
-52.67;5.23;"Epinephelus itajara";"a1d21898-1f56-4e38-8f71-e2b821187790";"GBIF";15312;28.3021119370881;3.41033370663517;8.02984732088782;211.812651806139;-3.47222232818604;4300643;1
-51.68;4.37;"Epinephelus itajara";"a1d21898-1f56-4e38-8f71-e2b821187790";"GBIF";15319;28.3079041624655;3.20544039815418;8.00016172100972;213.171192849795;-4.36111116409302;4392480;1
-51.67;4.29;"Epinephelus itajara";"a1d21898-1f56-4e38-8f71-e2b821187790";"GBIF";15321;28.5180815927264;3.62374598656246;8.00028584894654;213.406588764375;0;4403282;1
-105.306114;21.536112;"Epinephelus itajara";"8502ed8e-f762-11e1-a439-00145eb45e9a";"GBIF";15322;27.6823247896228;10.6948858507515;8.03422832553793;206.266122554516;-9.72222232818604;2538864;1
-80.4436;27.854;"Epinephelus itajara";"6080b6cc-1c24-41ff-ad7f-0ebe7b56f311";"GBIF";15328;25.3771242145041;10.7133697933388;8.07862744528796;210.756329128363;-12.6666669845581;1853435;1
-50.2;3.27;"Epinephelus itajara";"821cc27a-e3bb-4bc5-ac34-89ada245069d";"GBIF";15334;28.1130673614504;2.54894431398934;7.96405253875094;213.908424826525;-22.4722213745117;4511332;1
-90.7;19.633333;"Epinephelus itajara";"59825263-9f89-43a9-8f22-c22a6a53b8fc";"GBIF";15339;27.7905543644835;8.83248609601724;8.04686289603882;200.733071770343;-4.33333349227905;2744394;1
-79.53;8.95;"Epinephelus itajara";"7a25f7aa-03fb-4322-aaeb-66719e1a9527";"GBIF";15341;28.0296869455305;7.72304224019015;8.02622356092215;210.764163270075;-3.33333325386047;3900432;1
-88.197598;17.51888;"Epinephelus itajara";"afc30a94-6107-488a-b9c0-ba9c4fa68b7c";"GBIF";15348;28.3810505111298;5.8199492441792;8.04945977280132;200.609923389156;-2.33333325386047;2971287;1
-91.720833;18.641945;"Epinephelus itajara";"8502ed8e-f762-11e1-a439-00145eb45e9a";"GBIF";15349;28.1868779586513;8.01317013056608;8.04546179665884;200.934596317806;-2.19444441795349;2852394;1
-88.634722;15.729444;"Epinephelus itajara";"197908d0-5565-11d8-b290-b8a03c50a862";"GBIF";15351;28.9279441081672;5.79754973162292;8.04775609687684;198.329104950021;0;3165714;1
-81.854684;26.398774;"Epinephelus itajara";"59825263-9f89-43a9-8f22-c22a6a53b8fc";"GBIF";15352;25.7373313760823;15.4914462825787;8.05397517640094;212.038424344181;-1;2015436;1
-87.08;22.83;"Epinephelus itajara";"821cc27a-e3bb-4bc5-ac34-89ada245069d";"GBIF";15353;27.3576567856061;5.74724720005064;8.05614493082564;204.826075866219;-277.722229003906;2398803;1
-80.00188;9.32218;"Epinephelus itajara";"4bfac3ea-8763-4f4b-a71a-76a6f5f243d3";"GBIF";15355;28.6005210806643;3.35908122477735;8.04251752428995;201.396546920989;-9.44444465637207;3857214;1
-97.219444;20.965556;"Epinephelus itajara";"5000c6ca-d69a-4cc7-a4d2-1747803ce7e1";"GBIF";15356;26.0794934550043;8.53662940702424;8.06445577634384;207.118919785651;-14.0555553436279;2598437;1
-80.96;25.300833;"Epinephelus itajara";"eccf4b09-f0c8-462d-a48c-41a7ce36815a";"GBIF";15358;26.4952246554965;13.7969328949671;8.05178236897813;207.068353383831;0;2128875;1
-47.7;-0.7;"Epinephelus itajara";"fef834cd-98f0-4095-af8a-a8c66c1eff24";"GBIF";15360;28.6728596661871;2.24882398809219;7.95748912725431;202.820556922218;0;4943462;1
-1.7;4.9;"Epinephelus itajara";"197908d0-5565-11d8-b290-b8a03c50a862";"GBIF";15362;27.1039828327448;6.38512374576888;7.99554113298532;210.75119853554;-21.8611106872559;4339470;1
1.516667;6.016667;"Epinephelus itajara";"197908d0-5565-11d8-b290-b8a03c50a862";"GBIF";15363;27.5230754812477;6.52092041746182;8.00257319587663;210.033338805091;-57.8611106872559;4215311;1
0.216667;5.066667;"Epinephelus itajara";"197908d0-5565-11d8-b290-b8a03c50a862";"GBIF";15364;27.4526695705258;6.60393423680232;7.99704652339499;212.879853143248;-3028.5556640625;4317904;1
1;5.85;"Epinephelus itajara";"197908d0-5565-11d8-b290-b8a03c50a862";"GBIF";15365;27.4847354499176;6.80063382226542;8.0036321057852;210.093919023366;-35;4236905;1
2.2;6.3;"Epinephelus itajara";"197908d0-5565-11d8-b290-b8a03c50a862";"GBIF";15366;27.8017156496151;5.89849664030468;8.01722764716833;210.349341971491;-17.4166660308838;4188320;1
-0.416667;5.383333;"Epinephelus itajara";"197908d0-5565-11d8-b290-b8a03c50a862";"GBIF";15367;26.9790821013882;7.64147254937244;7.98820541027414;211.480097369506;-17.1388893127441;4285485;1
-1.066667;5.1;"Epinephelus itajara";"197908d0-5565-11d8-b290-b8a03c50a862";"GBIF";15368;26.8791157491646;7.55377959489701;7.98894250701043;212.241290911635;-30.5;4317878;1
-2.733333;4.95;"Epinephelus itajara";"197908d0-5565-11d8-b290-b8a03c50a862";"GBIF";15369;27.2934226154014;5.94961623204353;8.00851074209311;213.63592536256;-73.9722213745117;4334048;1
-2.133333;4.733333;"Epinephelus itajara";"197908d0-5565-11d8-b290-b8a03c50a862";"GBIF";15370;27.4666852666728;5.68236680197227;8.00678425156718;212.61152409129;-20.1944446563721;4355664;1
-4.083333;5.216667;"Epinephelus itajara";"197908d0-5565-11d8-b290-b8a03c50a862";"GBIF";15371;27.0186796157842;6.26961510207733;8.00337479541055;213.882745620981;-24.3333339691162;4301615;1
-4.65;5.133333;"Epinephelus itajara";"197908d0-5565-11d8-b290-b8a03c50a862";"GBIF";15372;26.9629465259093;6.79909727707231;8.00091690676553;214.525051116943;-41.3055572509766;4312406;1
-3.366667;5.1;"Epinephelus itajara";"197908d0-5565-11d8-b290-b8a03c50a862";"GBIF";15373;27.1837565826568;6.23319000665101;8.00493399774908;213.519580290253;-37.8055572509766;4317832;1
4.801389;5.934722;"Epinephelus itajara";"197908d0-5565-11d8-b290-b8a03c50a862";"GBIF";15374;28.4903081248512;4.35404584169557;7.94400768027882;211.211328937044;-11.8611106872559;4226179;1
5.134722;5.033333;"Epinephelus itajara";"197908d0-5565-11d8-b290-b8a03c50a862";"GBIF";15375;28.267228892589;4.15166116007501;7.96572669493604;209.557918668421;-42.0277786254883;4323403;1
3.616667;6.4;"Epinephelus itajara";"197908d0-5565-11d8-b290-b8a03c50a862";"GBIF";15376;28.2988634966603;4.98110323312012;8.02775478363037;214.054703848703;-18.8333339691162;4177546;1
2.9;6.35;"Epinephelus itajara";"197908d0-5565-11d8-b290-b8a03c50a862";"GBIF";15377;27.9822336516829;5.68007171609933;8.03906338883871;211.542733177994;-17.2222213745117;4182933;1
4.283333;6.316667;"Epinephelus itajara";"197908d0-5565-11d8-b290-b8a03c50a862";"GBIF";15378;28.5633734604705;4.57065579804905;7.99920528200433;213.145924860959;-10.6666669845581;4182960;1
-7.016667;4.516667;"Epinephelus itajara";"197908d0-5565-11d8-b290-b8a03c50a862";"GBIF";15379;27.1323596166382;6.28209655035721;8.02715173868372;208.618885743184;-33.5833320617676;4377170;1
-6.566667;4.718056;"Epinephelus itajara";"197908d0-5565-11d8-b290-b8a03c50a862";"GBIF";15380;26.7550322032172;6.99064066304568;8.01357103099778;210.733590359378;-27.1111106872559;4355575;1
-9;4.933333;"Epinephelus itajara";"197908d0-5565-11d8-b290-b8a03c50a862";"GBIF";15381;28.1855182745109;4.11675447437387;8.03226752878853;208.415676865868;-25.9722213745117;4333923;1
-7.8;4.3;"Epinephelus itajara";"197908d0-5565-11d8-b290-b8a03c50a862";"GBIF";15382;28.1233774612273;4.35029212243322;8.03373421745736;208.741129333122;-59.0277786254883;4404160;1
-8.416667;4.6;"Epinephelus itajara";"197908d0-5565-11d8-b290-b8a03c50a862";"GBIF";15383;28.1686714858945;4.16824198833664;8.03339859064002;208.359919511201;-69.4444427490234;4371741;1
-5.968056;4.95;"Epinephelus itajara";"197908d0-5565-11d8-b290-b8a03c50a862";"GBIF";15384;26.6422206556626;7.18305729802755;8.00841962940074;212.373846483636;-20.0833339691162;4333983;1
-5.3;5.083333;"Epinephelus itajara";"197908d0-5565-11d8-b290-b8a03c50a862";"GBIF";15385;26.760875051213;7.09283840867184;7.99740067908769;214.038996454016;-21.6666660308838;4317794;1
9.718056;2.483333;"Epinephelus itajara";"197908d0-5565-11d8-b290-b8a03c50a862";"GBIF";15386;27.9981612804818;5.02273692590803;7.96519868062644;210.95908093397;-15.722222328186;4598946;1
9.8;3.15;"Epinephelus itajara";"197908d0-5565-11d8-b290-b8a03c50a862";"GBIF";15387;28.1320114393367;5.19001535409334;7.96261940838374;213.622784657196;-16.8055553436279;4528735;1
9.683333;1.816667;"Epinephelus itajara";"197908d0-5565-11d8-b290-b8a03c50a862";"GBIF";15388;28.0888227454308;4.91457849528634;8.01311253513176;207.418551518001;-26.6111106872559;4669158;1
8.851389;4.2;"Epinephelus itajara";"197908d0-5565-11d8-b290-b8a03c50a862";"GBIF";15389;28.1880858144322;4.61851811266456;7.98783474043174;213.601906535151;-19.1944446563721;4415295;1
9.433333;3.716667;"Epinephelus itajara";"197908d0-5565-11d8-b290-b8a03c50a862";"GBIF";15390;28.2244251399522;5.11405303919602;7.89016406479;216.686735280302;-14.277777671814;4463915;1
9.284722;1.184722;"Epinephelus itajara";"197908d0-5565-11d8-b290-b8a03c50a862";"GBIF";15391;27.9095952576445;4.88373883584577;8.02813944224209;206.988467147283;-25.1388893127441;4739363;1
7.55;4.3;"Epinephelus itajara";"197908d0-5565-11d8-b290-b8a03c50a862";"GBIF";15392;28.2013402252258;4.24745255818349;7.96199565605893;212.261798121077;-17.5277786254883;4404467;1
8.233333;4.4;"Epinephelus itajara";"197908d0-5565-11d8-b290-b8a03c50a862";"GBIF";15393;28.3183121222955;4.56964337772182;7.98284158335205;213.043289647294;-17.5833339691162;4393678;1
5.466667;4.066667;"Epinephelus itajara";"197908d0-5565-11d8-b290-b8a03c50a862";"GBIF";15394;28.1523268628812;4.10743188086579;7.98690368145236;209.702447574309;-64.0277786254883;4426029;1
6.083333;4.233333;"Epinephelus itajara";"197908d0-5565-11d8-b290-b8a03c50a862";"GBIF";15395;28.5037868063796;4.3599592196194;7.95624785283389;210.745745292724;-4.38888883590698;4409838;1
6.034722;4.15;"Epinephelus itajara";"197908d0-5565-11d8-b290-b8a03c50a862";"GBIF";15396;28.1614322336451;4.03311498603615;7.96308507760424;210.661532836188;-19.1944446563721;4420639;1
-10.15;5.933333;"Epinephelus itajara";"197908d0-5565-11d8-b290-b8a03c50a862";"GBIF";15397;28.1705964366062;3.7850353602922;8.0240614933464;208.489663026363;-10.6388893127441;4225880;1
-10.818056;6.3;"Epinephelus itajara";"197908d0-5565-11d8-b290-b8a03c50a862";"GBIF";15398;27.9415068145756;3.73342831292432;8.02167504232832;209.349723255732;-28.2777786254883;4188059;1
-11.366667;6.7;"Epinephelus itajara";"197908d0-5565-11d8-b290-b8a03c50a862";"GBIF";15399;27.8607392381642;3.82221317003857;8.02743525339521;207.953095554651;-41.6944427490234;4144840;1
-9.734722;5.05;"Epinephelus itajara";"197908d0-5565-11d8-b290-b8a03c50a862";"GBIF";15400;28.2864569593652;3.78142490327685;8.03349615031392;207.76843069667;-485.472229003906;4323106;1
9.233333;-0.233333;"Epinephelus itajara";"197908d0-5565-11d8-b290-b8a03c50a862";"GBIF";15401;27.7814414948579;5.50571053785971;7.99402059604974;212.050634824936;-13.5;4890590;1
8.683333;-0.684722;"Epinephelus itajara";"197908d0-5565-11d8-b290-b8a03c50a862";"GBIF";15403;27.2599974441668;5.98150224856292;8.01361885031322;211.877297155924;-54.3055572509766;4939188;1
9.25;0.416667;"Epinephelus itajara";"197908d0-5565-11d8-b290-b8a03c50a862";"GBIF";15404;27.735311912064;4.96933020372106;8.00080678989095;209.866119844422;-12.3055553436279;4820378;1
-11.951389;7.116667;"Epinephelus itajara";"197908d0-5565-11d8-b290-b8a03c50a862";"GBIF";15405;27.8374226652422;3.95546849519335;8.00764572193646;210.033394628257;-136.555557250977;4096219;1
-12.634722;7.366667;"Epinephelus itajara";"197908d0-5565-11d8-b290-b8a03c50a862";"GBIF";15406;27.9064185089655;3.9933023108461;8.01238220267826;207.655771043566;-19.5555553436279;4069201;1
-16.066667;11.75;"Epinephelus itajara";"197908d0-5565-11d8-b290-b8a03c50a862";"GBIF";15407;27.4533818051418;8.43200447264733;8.00567536086891;203.572319670706;-4.97222232818604;3599245;1
-17.083333;12.016667;"Epinephelus itajara";"197908d0-5565-11d8-b290-b8a03c50a862";"GBIF";15408;25.7631044999057;11.1738303374536;7.99127314179463;209.276156088789;-21.6388893127441;3566819;1
-13.8;8.95;"Epinephelus itajara";"197908d0-5565-11d8-b290-b8a03c50a862";"GBIF";15409;28.0507427803766;3.43269472809583;7.9921134829411;207.215176774531;-19.3333339691162;3901747;1
-13.283333;7.584722;"Epinephelus itajara";"197908d0-5565-11d8-b290-b8a03c50a862";"GBIF";15410;28.2477466442146;3.37725575879737;8.01586930237645;207.238503676001;-21.5;4047584;1
-13.85;7.968056;"Epinephelus itajara";"197908d0-5565-11d8-b290-b8a03c50a862";"GBIF";15411;28.0257529586742;3.42283960803947;8.01713882512745;207.595747166956;-18.3888893127441;4004365;1
-16.733333;10.983333;"Epinephelus itajara";"197908d0-5565-11d8-b290-b8a03c50a862";"GBIF";15412;26.8529788112455;8.13144326225714;8.00713821262121;210.254002893806;-34.1944427490234;3680247;1
-14.216667;9.6;"Epinephelus itajara";"197908d0-5565-11d8-b290-b8a03c50a862";"GBIF";15413;27.8591465269575;3.9774639005405;8.00279769754919;206.976558561452;-24.7222213745117;3831525;1
-14.683333;10.083333;"Epinephelus itajara";"197908d0-5565-11d8-b290-b8a03c50a862";"GBIF";15414;27.8145708309417;4.6471626928494;8.00446787903562;206.575327639597;-18.6388893127441;3777506;1
11.616667;-4.533333;"Epinephelus itajara";"197908d0-5565-11d8-b290-b8a03c50a862";"GBIF";15415;25.7099878746346;9.07408457313075;7.95148854882239;223.225775483076;-18.5;5355124;1
11.05;-3.966667;"Epinephelus itajara";"197908d0-5565-11d8-b290-b8a03c50a862";"GBIF";15416;25.9803828491687;8.65529759951054;7.97888528157628;221.856887551711;-7.69444465637207;5295702;1
12.083333;-5.8;"Epinephelus itajara";"197908d0-5565-11d8-b290-b8a03c50a862";"GBIF";15417;25.6115631501549;8.96396560293639;7.4903905050422;209.543957884168;-15.8055553436279;5495559;1
11.9;-4.933333;"Epinephelus itajara";"197908d0-5565-11d8-b290-b8a03c50a862";"GBIF";15418;25.8487353548318;8.83817221650121;7.87991476936419;224.140367487576;-2;5398338;1
9.683333;-2.533333;"Epinephelus itajara";"197908d0-5565-11d8-b290-b8a03c50a862";"GBIF";15419;26.4756413859484;7.53429883592653;8.0279904922818;211.518309387784;-11.972222328186;5139045;1
9.216667;-1.933333;"Epinephelus itajara";"197908d0-5565-11d8-b290-b8a03c50a862";"GBIF";15420;26.7396298703571;7.26117369770507;8.01626571990288;212.587767016661;-18.9166660308838;5074224;1
10.616667;-3.45;"Epinephelus itajara";"197908d0-5565-11d8-b290-b8a03c50a862";"GBIF";15421;26.0332938049892;8.36406539012532;8.00016624949694;217.691891201686;-73.4166641235352;5241683;1
-15.583333;10.2;"Epinephelus itajara";"197908d0-5565-11d8-b290-b8a03c50a862";"GBIF";15422;27.4866661258075;4.95349172895077;8.0117761957942;207.403107233547;-21.5555553436279;3766686;1
-16.25;10.533333;"Epinephelus itajara";"197908d0-5565-11d8-b290-b8a03c50a862";"GBIF";15423;27.1656360944778;6.12084785938766;8.01481617226585;209.4263258874;-23.8333339691162;3728866;1
10.2;-3.033333;"Epinephelus itajara";"197908d0-5565-11d8-b290-b8a03c50a862";"GBIF";15424;26.2267575244001;8.26163364577735;8.01221535232647;214.577490848732;-70.9444427490234;5193066;1
-80.922222;25.148611;"Epinephelus itajara";"eccf4b09-f0c8-462d-a48c-41a7ce36815a";"GBIF";15425;26.6155385418826;13.204837927767;8.05233021814172;206.318552667482;-2.30555558204651;2150480;1
2.517;6.233;"Epinephelus itajara";"f58922e2-93ed-4703-ba22-12a0674d1b54";"GBIF";15430;27.868838121001;5.76511466395499;8.02622601224542;211.487667903103;-61.5833320617676;4193727;1
-97.7425;24.4576;"Epinephelus itajara";"6080b6cc-1c24-41ff-ad7f-0ebe7b56f311";"GBIF";15434;24.9709444189917;11.6430682148554;8.07348253798781;209.485132315885;-8.97222232818604;2220357;1
-109.12;25.57;"Epinephelus itajara";"7a25f7aa-03fb-4322-aaeb-66719e1a9527";"GBIF";15437;25.2138154941131;15.394616917294;8.01190718751189;210.609941415893;-21.4166660308838;2101307;1
