"dataset_id";"title";"summary"
"tas_baseline_2000_2020_depthsurf";"Bio-Oracle AirTemperature [depthSurf] Baseline 2000-2020.";"Uses attributes recommended by https://cfconventions.org

cdm_data_type = Grid
VARIABLES (all of which use the dimensions [time][latitude][longitude]):
tas_max (Maximum AirTemperature, K)
tas_ltmax (Long-term maximum AirTemperature, K)
tas_mean (Average AirTemperature, K)
tas_ltmin (Long-term minimum AirTemperature, K)
tas_min (Minimum AirTemperature, K)
tas_range (Range AirTemperature, K)
"
"tas_ssp119_2020_2100_depthsurf";"Bio-Oracle AirTemperature [depthSurf] SSP119 2020-2100.";"Uses attributes recommended by https://cfconventions.org

cdm_data_type = Grid
VARIABLES (all of which use the dimensions [time][latitude][longitude]):
tas_max (Maximum AirTemperature, degree_C)
tas_ltmax (Long-term maximum AirTemperature, degree_C)
tas_mean (Average AirTemperature, degree_C)
tas_ltmin (Long-term minimum AirTemperature, degree_C)
tas_min (Minimum AirTemperature, degree_C)
tas_range (Range AirTemperature, degree_C)
tas_sd (Standard deviation AirTemperature, degree_C)
"
"tas_ssp126_2020_2100_depthsurf";"Bio-Oracle AirTemperature [depthSurf] SSP126 2020-2100.";"Uses attributes recommended by https://cfconventions.org

cdm_data_type = Grid
VARIABLES (all of which use the dimensions [time][latitude][longitude]):
tas_max (Maximum AirTemperature, degree_C)
tas_ltmax (Long-term maximum AirTemperature, degree_C)
tas_mean (Average AirTemperature, degree_C)
tas_ltmin (Long-term minimum AirTemperature, degree_C)
tas_min (Minimum AirTemperature, degree_C)
tas_range (Range AirTemperature, degree_C)
tas_sd (Standard deviation AirTemperature, degree_C)
"
"tas_ssp245_2020_2100_depthsurf";"Bio-Oracle AirTemperature [depthSurf] SSP245 2020-2100.";"Uses attributes recommended by https://cfconventions.org

cdm_data_type = Grid
VARIABLES (all of which use the dimensions [time][latitude][longitude]):
tas_max (Maximum AirTemperature, degree_C)
tas_ltmax (Long-term maximum AirTemperature, degree_C)
tas_mean (Average AirTemperature, degree_C)
tas_ltmin (Long-term minimum AirTemperature, degree_C)
tas_min (Minimum AirTemperature, degree_C)
tas_range (Range AirTemperature, degree_C)
tas_sd (Standard deviation AirTemperature, degree_C)
"
"tas_ssp370_2020_2100_depthsurf";"Bio-Oracle AirTemperature [depthSurf] SSP370 2020-2100.";"Uses attributes recommended by https://cfconventions.org

cdm_data_type = Grid
VARIABLES (all of which use the dimensions [time][latitude][longitude]):
tas_max (Maximum AirTemperature, degree_C)
tas_ltmax (Long-term maximum AirTemperature, degree_C)
tas_mean (Average AirTemperature, degree_C)
tas_ltmin (Long-term minimum AirTemperature, degree_C)
tas_min (Minimum AirTemperature, degree_C)
tas_range (Range AirTemperature, degree_C)
tas_sd (Standard deviation AirTemperature, degree_C)
"
"tas_ssp460_2020_2100_depthsurf";"Bio-Oracle AirTemperature [depthSurf] SSP460 2020-2100.";"Uses attributes recommended by https://cfconventions.org

cdm_data_type = Grid
VARIABLES (all of which use the dimensions [time][latitude][longitude]):
tas_max (Maximum AirTemperature, degree_C)
tas_ltmax (Long-term maximum AirTemperature, degree_C)
tas_mean (Average AirTemperature, degree_C)
tas_ltmin (Long-term minimum AirTemperature, degree_C)
tas_min (Minimum AirTemperature, degree_C)
tas_range (Range AirTemperature, degree_C)
tas_sd (Standard deviation AirTemperature, degree_C)
"
"tas_ssp585_2020_2100_depthsurf";"Bio-Oracle AirTemperature [depthSurf] SSP585 2020-2100.";"Uses attributes recommended by https://cfconventions.org

cdm_data_type = Grid
VARIABLES (all of which use the dimensions [time][latitude][longitude]):
tas_max (Maximum AirTemperature, degree_C)
tas_ltmax (Long-term maximum AirTemperature, degree_C)
tas_mean (Average AirTemperature, degree_C)
tas_ltmin (Long-term minimum AirTemperature, degree_C)
tas_min (Minimum AirTemperature, degree_C)
tas_range (Range AirTemperature, degree_C)
tas_sd (Standard deviation AirTemperature, degree_C)
"
"chl_baseline_2000_2018_depthmax";"Bio-Oracle Chlorophyll [depthMax] Baseline 2000-2018.";"Uses attributes recommended by https://cfconventions.org

cdm_data_type = Grid
VARIABLES (all of which use the dimensions [time][latitude][longitude]):
chl_max (Maximum Chlorophyll, mg m-3)
chl_ltmax (Long-term maximum Chlorophyll, mg m-3)
chl_mean (Average Chlorophyll, mg m-3)
chl_ltmin (Long-term minimum Chlorophyll, mg m-3)
chl_min (Minimum Chlorophyll, mg m-3)
chl_range (Range Chlorophyll, mg m-3)
"
"chl_baseline_2000_2018_depthmean";"Bio-Oracle Chlorophyll [depthMean] Baseline 2000-2018.";"Uses attributes recommended by https://cfconventions.org

cdm_data_type = Grid
VARIABLES (all of which use the dimensions [time][latitude][longitude]):
chl_max (Maximum Chlorophyll, mg m-3)
chl_ltmax (Long-term maximum Chlorophyll, mg m-3)
chl_mean (Average Chlorophyll, mg m-3)
chl_ltmin (Long-term minimum Chlorophyll, mg m-3)
chl_min (Minimum Chlorophyll, mg m-3)
chl_range (Range Chlorophyll, mg m-3)
"
"chl_baseline_2000_2018_depthmin";"Bio-Oracle Chlorophyll [depthMin] Baseline 2000-2018.";"Uses attributes recommended by https://cfconventions.org

cdm_data_type = Grid
VARIABLES (all of which use the dimensions [time][latitude][longitude]):
chl_max (Maximum Chlorophyll, mg m-3)
chl_ltmax (Long-term maximum Chlorophyll, mg m-3)
chl_mean (Average Chlorophyll, mg m-3)
chl_ltmin (Long-term minimum Chlorophyll, mg m-3)
chl_min (Minimum Chlorophyll, mg m-3)
chl_range (Range Chlorophyll, mg m-3)
"
"chl_baseline_2000_2018_depthsurf";"Bio-Oracle Chlorophyll [depthSurf] Baseline 2000-2018.";"Uses attributes recommended by https://cfconventions.org

cdm_data_type = Grid
VARIABLES (all of which use the dimensions [time][latitude][longitude]):
chl_max (Maximum Chlorophyll, mg m-3)
chl_ltmax (Long-term maximum Chlorophyll, mg m-3)
chl_mean (Average Chlorophyll, mg m-3)
chl_ltmin (Long-term minimum Chlorophyll, mg m-3)
chl_min (Minimum Chlorophyll, mg m-3)
chl_range (Range Chlorophyll, mg m-3)
"
"chl_ssp119_2020_2100_depthsurf";"Bio-Oracle Chlorophyll [depthSurf] SSP119 2020-2100.";"Uses attributes recommended by https://cfconventions.org

cdm_data_type = Grid
VARIABLES (all of which use the dimensions [time][latitude][longitude]):
chl_max (Maximum Chlorophyll, mg m-3)
chl_ltmax (Long-term maximum Chlorophyll, mg m-3)
chl_mean (Average Chlorophyll, mg m-3)
chl_ltmin (Long-term minimum Chlorophyll, mg m-3)
chl_min (Minimum Chlorophyll, mg m-3)
chl_range (Range Chlorophyll, mg m-3)
chl_sd (Standard deviation Chlorophyll, mg m-3)
"
"chl_ssp126_2020_2100_depthsurf";"Bio-Oracle Chlorophyll [depthSurf] SSP126 2020-2100.";"Uses attributes recommended by https://cfconventions.org

cdm_data_type = Grid
VARIABLES (all of which use the dimensions [time][latitude][longitude]):
chl_max (Maximum Chlorophyll, mg m-3)
chl_ltmax (Long-term maximum Chlorophyll, mg m-3)
chl_mean (Average Chlorophyll, mg m-3)
chl_ltmin (Long-term minimum Chlorophyll, mg m-3)
chl_min (Minimum Chlorophyll, mg m-3)
chl_range (Range Chlorophyll, mg m-3)
chl_sd (Standard deviation Chlorophyll, mg m-3)
"
"chl_ssp245_2020_2100_depthsurf";"Bio-Oracle Chlorophyll [depthSurf] SSP245 2020-2100.";"Uses attributes recommended by https://cfconventions.org

cdm_data_type = Grid
VARIABLES (all of which use the dimensions [time][latitude][longitude]):
chl_max (Maximum Chlorophyll, mg m-3)
chl_ltmax (Long-term maximum Chlorophyll, mg m-3)
chl_mean (Average Chlorophyll, mg m-3)
chl_ltmin (Long-term minimum Chlorophyll, mg m-3)
chl_min (Minimum Chlorophyll, mg m-3)
chl_range (Range Chlorophyll, mg m-3)
chl_sd (Standard deviation Chlorophyll, mg m-3)
"
"chl_ssp370_2020_2100_depthsurf";"Bio-Oracle Chlorophyll [depthSurf] SSP370 2020-2100.";"Uses attributes recommended by https://cfconventions.org

cdm_data_type = Grid
VARIABLES (all of which use the dimensions [time][latitude][longitude]):
chl_max (Maximum Chlorophyll, mg m-3)
chl_ltmax (Long-term maximum Chlorophyll, mg m-3)
chl_mean (Average Chlorophyll, mg m-3)
chl_ltmin (Long-term minimum Chlorophyll, mg m-3)
chl_min (Minimum Chlorophyll, mg m-3)
chl_range (Range Chlorophyll, mg m-3)
chl_sd (Standard deviation Chlorophyll, mg m-3)
"
"chl_ssp460_2020_2100_depthsurf";"Bio-Oracle Chlorophyll [depthSurf] SSP460 2020-2100.";"Uses attributes recommended by https://cfconventions.org

cdm_data_type = Grid
VARIABLES (all of which use the dimensions [time][latitude][longitude]):
chl_max (Maximum Chlorophyll, mg m-3)
chl_ltmax (Long-term maximum Chlorophyll, mg m-3)
chl_mean (Average Chlorophyll, mg m-3)
chl_ltmin (Long-term minimum Chlorophyll, mg m-3)
chl_min (Minimum Chlorophyll, mg m-3)
chl_range (Range Chlorophyll, mg m-3)
chl_sd (Standard deviation Chlorophyll, mg m-3)
"
"chl_ssp585_2020_2100_depthsurf";"Bio-Oracle Chlorophyll [depthSurf] SSP585 2020-2100.";"Uses attributes recommended by https://cfconventions.org

cdm_data_type = Grid
VARIABLES (all of which use the dimensions [time][latitude][longitude]):
chl_max (Maximum Chlorophyll, mg m-3)
chl_ltmax (Long-term maximum Chlorophyll, mg m-3)
chl_mean (Average Chlorophyll, mg m-3)
chl_ltmin (Long-term minimum Chlorophyll, mg m-3)
chl_min (Minimum Chlorophyll, mg m-3)
chl_range (Range Chlorophyll, mg m-3)
chl_sd (Standard deviation Chlorophyll, mg m-3)
"
"kdpar_mean_baseline_2000_2020_depthsurf";"Bio-Oracle DiffuseAttenuationCoefficientPAR [depthSurf] Mean 2000-2020.";"Uses attributes recommended by https://cfconventions.org

cdm_data_type = Grid
VARIABLES (all of which use the dimensions [time][latitude][longitude]):
kdpar_mean_max (Maximum DiffuseAttenuationCoefficientPAR, m-1)
kdpar_mean_ltmax (Long-term maximum DiffuseAttenuationCoefficientPAR, m-1)
kdpar_mean_mean (Average DiffuseAttenuationCoefficientPAR, m-1)
kdpar_mean_ltmin (Long-term minimum DiffuseAttenuationCoefficientPAR, m-1)
kdpar_mean_min (Minimum DiffuseAttenuationCoefficientPAR, m-1)
kdpar_mean_range (Range DiffuseAttenuationCoefficientPAR, m-1)
"
"dfe_baseline_2000_2018_depthmax";"Bio-Oracle DissolvedIron [depthMax] Baseline 2000-2018.";"Uses attributes recommended by https://cfconventions.org

cdm_data_type = Grid
VARIABLES (all of which use the dimensions [time][latitude][longitude]):
dfe_max (Maximum DissolvedIron, MMol' 'M-3)
dfe_ltmax (Long-term maximum DissolvedIron, MMol' 'M-3)
dfe_mean (Average DissolvedIron, MMol' 'M-3)
dfe_ltmin (Long-term minimum DissolvedIron, MMol' 'M-3)
dfe_min (Minimum DissolvedIron, MMol' 'M-3)
dfe_range (Range DissolvedIron, MMol' 'M-3)
"
"dfe_ssp119_2020_2100_depthmax";"Bio-Oracle DissolvedIron [depthMax] SSP119 2020-2100.";"Uses attributes recommended by https://cfconventions.org

cdm_data_type = Grid
VARIABLES (all of which use the dimensions [time][latitude][longitude]):
dfe_max (Maximum DissolvedIron, MMol' 'M-3)
dfe_ltmax (Long-term maximum DissolvedIron, MMol' 'M-3)
dfe_mean (Average DissolvedIron, MMol' 'M-3)
dfe_ltmin (Long-term minimum DissolvedIron, MMol' 'M-3)
dfe_min (Minimum DissolvedIron, MMol' 'M-3)
dfe_range (Range DissolvedIron, MMol' 'M-3)
dfe_sd (Standard deviation DissolvedIron, MMol' 'M-3)
"
"dfe_ssp126_2020_2100_depthmax";"Bio-Oracle DissolvedIron [depthMax] SSP126 2020-2100.";"Uses attributes recommended by https://cfconventions.org

cdm_data_type = Grid
VARIABLES (all of which use the dimensions [time][latitude][longitude]):
dfe_max (Maximum DissolvedIron, MMol' 'M-3)
dfe_ltmax (Long-term maximum DissolvedIron, MMol' 'M-3)
dfe_mean (Average DissolvedIron, MMol' 'M-3)
dfe_ltmin (Long-term minimum DissolvedIron, MMol' 'M-3)
dfe_min (Minimum DissolvedIron, MMol' 'M-3)
dfe_range (Range DissolvedIron, MMol' 'M-3)
dfe_sd (Standard deviation DissolvedIron, MMol' 'M-3)
"
"dfe_ssp245_2020_2100_depthmax";"Bio-Oracle DissolvedIron [depthMax] SSP245 2020-2100.";"Uses attributes recommended by https://cfconventions.org

cdm_data_type = Grid
VARIABLES (all of which use the dimensions [time][latitude][longitude]):
dfe_max (Maximum DissolvedIron, MMol' 'M-3)
dfe_ltmax (Long-term maximum DissolvedIron, MMol' 'M-3)
dfe_mean (Average DissolvedIron, MMol' 'M-3)
dfe_ltmin (Long-term minimum DissolvedIron, MMol' 'M-3)
dfe_min (Minimum DissolvedIron, MMol' 'M-3)
dfe_range (Range DissolvedIron, MMol' 'M-3)
dfe_sd (Standard deviation DissolvedIron, MMol' 'M-3)
"
"dfe_ssp370_2020_2100_depthmax";"Bio-Oracle DissolvedIron [depthMax] SSP370 2020-2100.";"Uses attributes recommended by https://cfconventions.org

cdm_data_type = Grid
VARIABLES (all of which use the dimensions [time][latitude][longitude]):
dfe_max (Maximum DissolvedIron, MMol' 'M-3)
dfe_ltmax (Long-term maximum DissolvedIron, MMol' 'M-3)
dfe_mean (Average DissolvedIron, MMol' 'M-3)
dfe_ltmin (Long-term minimum DissolvedIron, MMol' 'M-3)
dfe_min (Minimum DissolvedIron, MMol' 'M-3)
dfe_range (Range DissolvedIron, MMol' 'M-3)
dfe_sd (Standard deviation DissolvedIron, MMol' 'M-3)
"
"dfe_ssp460_2020_2100_depthmax";"Bio-Oracle DissolvedIron [depthMax] SSP460 2020-2100.";"Uses attributes recommended by https://cfconventions.org

cdm_data_type = Grid
VARIABLES (all of which use the dimensions [time][latitude][longitude]):
dfe_max (Maximum DissolvedIron, MMol' 'M-3)
dfe_ltmax (Long-term maximum DissolvedIron, MMol' 'M-3)
dfe_mean (Average DissolvedIron, MMol' 'M-3)
dfe_ltmin (Long-term minimum DissolvedIron, MMol' 'M-3)
dfe_min (Minimum DissolvedIron, MMol' 'M-3)
dfe_range (Range DissolvedIron, MMol' 'M-3)
dfe_sd (Standard deviation DissolvedIron, MMol' 'M-3)
"
"dfe_ssp585_2020_2100_depthmax";"Bio-Oracle DissolvedIron [depthMax] SSP585 2020-2100.";"Uses attributes recommended by https://cfconventions.org

cdm_data_type = Grid
VARIABLES (all of which use the dimensions [time][latitude][longitude]):
dfe_max (Maximum DissolvedIron, MMol' 'M-3)
dfe_ltmax (Long-term maximum DissolvedIron, MMol' 'M-3)
dfe_mean (Average DissolvedIron, MMol' 'M-3)
dfe_ltmin (Long-term minimum DissolvedIron, MMol' 'M-3)
dfe_min (Minimum DissolvedIron, MMol' 'M-3)
dfe_range (Range DissolvedIron, MMol' 'M-3)
dfe_sd (Standard deviation DissolvedIron, MMol' 'M-3)
"
"dfe_baseline_2000_2018_depthmean";"Bio-Oracle DissolvedIron [depthMean] Baseline 2000-2018.";"Uses attributes recommended by https://cfconventions.org

cdm_data_type = Grid
VARIABLES (all of which use the dimensions [time][latitude][longitude]):
dfe_max (Maximum DissolvedIron, MMol' 'M-3)
dfe_ltmax (Long-term maximum DissolvedIron, MMol' 'M-3)
dfe_mean (Average DissolvedIron, MMol' 'M-3)
dfe_ltmin (Long-term minimum DissolvedIron, MMol' 'M-3)
dfe_min (Minimum DissolvedIron, MMol' 'M-3)
dfe_range (Range DissolvedIron, MMol' 'M-3)
"
"dfe_ssp119_2020_2100_depthmean";"Bio-Oracle DissolvedIron [depthMean] SSP119 2020-2100.";"Uses attributes recommended by https://cfconventions.org

cdm_data_type = Grid
VARIABLES (all of which use the dimensions [time][latitude][longitude]):
dfe_max (Maximum DissolvedIron, MMol' 'M-3)
dfe_ltmax (Long-term maximum DissolvedIron, MMol' 'M-3)
dfe_mean (Average DissolvedIron, MMol' 'M-3)
dfe_ltmin (Long-term minimum DissolvedIron, MMol' 'M-3)
dfe_min (Minimum DissolvedIron, MMol' 'M-3)
dfe_range (Range DissolvedIron, MMol' 'M-3)
dfe_sd (Standard deviation DissolvedIron, MMol' 'M-3)
"
"dfe_ssp126_2020_2100_depthmean";"Bio-Oracle DissolvedIron [depthMean] SSP126 2020-2100.";"Uses attributes recommended by https://cfconventions.org

cdm_data_type = Grid
VARIABLES (all of which use the dimensions [time][latitude][longitude]):
dfe_max (Maximum DissolvedIron, MMol' 'M-3)
dfe_ltmax (Long-term maximum DissolvedIron, MMol' 'M-3)
dfe_mean (Average DissolvedIron, MMol' 'M-3)
dfe_ltmin (Long-term minimum DissolvedIron, MMol' 'M-3)
dfe_min (Minimum DissolvedIron, MMol' 'M-3)
dfe_range (Range DissolvedIron, MMol' 'M-3)
dfe_sd (Standard deviation DissolvedIron, MMol' 'M-3)
"
"dfe_ssp245_2020_2100_depthmean";"Bio-Oracle DissolvedIron [depthMean] SSP245 2020-2100.";"Uses attributes recommended by https://cfconventions.org

cdm_data_type = Grid
VARIABLES (all of which use the dimensions [time][latitude][longitude]):
dfe_max (Maximum DissolvedIron, MMol' 'M-3)
dfe_ltmax (Long-term maximum DissolvedIron, MMol' 'M-3)
dfe_mean (Average DissolvedIron, MMol' 'M-3)
dfe_ltmin (Long-term minimum DissolvedIron, MMol' 'M-3)
dfe_min (Minimum DissolvedIron, MMol' 'M-3)
dfe_range (Range DissolvedIron, MMol' 'M-3)
dfe_sd (Standard deviation DissolvedIron, MMol' 'M-3)
"
"dfe_ssp370_2020_2100_depthmean";"Bio-Oracle DissolvedIron [depthMean] SSP370 2020-2100.";"Uses attributes recommended by https://cfconventions.org

cdm_data_type = Grid
VARIABLES (all of which use the dimensions [time][latitude][longitude]):
dfe_max (Maximum DissolvedIron, MMol' 'M-3)
dfe_ltmax (Long-term maximum DissolvedIron, MMol' 'M-3)
dfe_mean (Average DissolvedIron, MMol' 'M-3)
dfe_ltmin (Long-term minimum DissolvedIron, MMol' 'M-3)
dfe_min (Minimum DissolvedIron, MMol' 'M-3)
dfe_range (Range DissolvedIron, MMol' 'M-3)
dfe_sd (Standard deviation DissolvedIron, MMol' 'M-3)
"
"dfe_ssp460_2020_2100_depthmean";"Bio-Oracle DissolvedIron [depthMean] SSP460 2020-2100.";"Uses attributes recommended by https://cfconventions.org

cdm_data_type = Grid
VARIABLES (all of which use the dimensions [time][latitude][longitude]):
dfe_max (Maximum DissolvedIron, MMol' 'M-3)
dfe_ltmax (Long-term maximum DissolvedIron, MMol' 'M-3)
dfe_mean (Average DissolvedIron, MMol' 'M-3)
dfe_ltmin (Long-term minimum DissolvedIron, MMol' 'M-3)
dfe_min (Minimum DissolvedIron, MMol' 'M-3)
dfe_range (Range DissolvedIron, MMol' 'M-3)
dfe_sd (Standard deviation DissolvedIron, MMol' 'M-3)
"
"dfe_ssp585_2020_2100_depthmean";"Bio-Oracle DissolvedIron [depthMean] SSP585 2020-2100.";"Uses attributes recommended by https://cfconventions.org

cdm_data_type = Grid
VARIABLES (all of which use the dimensions [time][latitude][longitude]):
dfe_max (Maximum DissolvedIron, MMol' 'M-3)
dfe_ltmax (Long-term maximum DissolvedIron, MMol' 'M-3)
dfe_mean (Average DissolvedIron, MMol' 'M-3)
dfe_ltmin (Long-term minimum DissolvedIron, MMol' 'M-3)
dfe_min (Minimum DissolvedIron, MMol' 'M-3)
dfe_range (Range DissolvedIron, MMol' 'M-3)
dfe_sd (Standard deviation DissolvedIron, MMol' 'M-3)
"
"dfe_baseline_2000_2018_depthmin";"Bio-Oracle DissolvedIron [depthMin] Baseline 2000-2018.";"Uses attributes recommended by https://cfconventions.org

cdm_data_type = Grid
VARIABLES (all of which use the dimensions [time][latitude][longitude]):
dfe_max (Maximum DissolvedIron, MMol' 'M-3)
dfe_ltmax (Long-term maximum DissolvedIron, MMol' 'M-3)
dfe_mean (Average DissolvedIron, MMol' 'M-3)
dfe_ltmin (Long-term minimum DissolvedIron, MMol' 'M-3)
dfe_min (Minimum DissolvedIron, MMol' 'M-3)
dfe_range (Range DissolvedIron, MMol' 'M-3)
"
"dfe_ssp119_2020_2100_depthmin";"Bio-Oracle DissolvedIron [depthMin] SSP119 2020-2100.";"Uses attributes recommended by https://cfconventions.org

cdm_data_type = Grid
VARIABLES (all of which use the dimensions [time][latitude][longitude]):
dfe_max (Maximum DissolvedIron, MMol' 'M-3)
dfe_ltmax (Long-term maximum DissolvedIron, MMol' 'M-3)
dfe_mean (Average DissolvedIron, MMol' 'M-3)
dfe_ltmin (Long-term minimum DissolvedIron, MMol' 'M-3)
dfe_min (Minimum DissolvedIron, MMol' 'M-3)
dfe_range (Range DissolvedIron, MMol' 'M-3)
dfe_sd (Standard deviation DissolvedIron, MMol' 'M-3)
"
"dfe_ssp126_2020_2100_depthmin";"Bio-Oracle DissolvedIron [depthMin] SSP126 2020-2100.";"Uses attributes recommended by https://cfconventions.org

cdm_data_type = Grid
VARIABLES (all of which use the dimensions [time][latitude][longitude]):
dfe_max (Maximum DissolvedIron, MMol' 'M-3)
dfe_ltmax (Long-term maximum DissolvedIron, MMol' 'M-3)
dfe_mean (Average DissolvedIron, MMol' 'M-3)
dfe_ltmin (Long-term minimum DissolvedIron, MMol' 'M-3)
dfe_min (Minimum DissolvedIron, MMol' 'M-3)
dfe_range (Range DissolvedIron, MMol' 'M-3)
dfe_sd (Standard deviation DissolvedIron, MMol' 'M-3)
"
"dfe_ssp245_2020_2100_depthmin";"Bio-Oracle DissolvedIron [depthMin] SSP245 2020-2100.";"Uses attributes recommended by https://cfconventions.org

cdm_data_type = Grid
VARIABLES (all of which use the dimensions [time][latitude][longitude]):
dfe_max (Maximum DissolvedIron, MMol' 'M-3)
dfe_ltmax (Long-term maximum DissolvedIron, MMol' 'M-3)
dfe_mean (Average DissolvedIron, MMol' 'M-3)
dfe_ltmin (Long-term minimum DissolvedIron, MMol' 'M-3)
dfe_min (Minimum DissolvedIron, MMol' 'M-3)
dfe_range (Range DissolvedIron, MMol' 'M-3)
dfe_sd (Standard deviation DissolvedIron, MMol' 'M-3)
"
"dfe_ssp370_2020_2100_depthmin";"Bio-Oracle DissolvedIron [depthMin] SSP370 2020-2100.";"Uses attributes recommended by https://cfconventions.org

cdm_data_type = Grid
VARIABLES (all of which use the dimensions [time][latitude][longitude]):
dfe_max (Maximum DissolvedIron, MMol' 'M-3)
dfe_ltmax (Long-term maximum DissolvedIron, MMol' 'M-3)
dfe_mean (Average DissolvedIron, MMol' 'M-3)
dfe_ltmin (Long-term minimum DissolvedIron, MMol' 'M-3)
dfe_min (Minimum DissolvedIron, MMol' 'M-3)
dfe_range (Range DissolvedIron, MMol' 'M-3)
dfe_sd (Standard deviation DissolvedIron, MMol' 'M-3)
"
"dfe_ssp460_2020_2100_depthmin";"Bio-Oracle DissolvedIron [depthMin] SSP460 2020-2100.";"Uses attributes recommended by https://cfconventions.org

cdm_data_type = Grid
VARIABLES (all of which use the dimensions [time][latitude][longitude]):
dfe_max (Maximum DissolvedIron, MMol' 'M-3)
dfe_ltmax (Long-term maximum DissolvedIron, MMol' 'M-3)
dfe_mean (Average DissolvedIron, MMol' 'M-3)
dfe_ltmin (Long-term minimum DissolvedIron, MMol' 'M-3)
dfe_min (Minimum DissolvedIron, MMol' 'M-3)
dfe_range (Range DissolvedIron, MMol' 'M-3)
dfe_sd (Standard deviation DissolvedIron, MMol' 'M-3)
"
"dfe_ssp585_2020_2100_depthmin";"Bio-Oracle DissolvedIron [depthMin] SSP585 2020-2100.";"Uses attributes recommended by https://cfconventions.org

cdm_data_type = Grid
VARIABLES (all of which use the dimensions [time][latitude][longitude]):
dfe_max (Maximum DissolvedIron, MMol' 'M-3)
dfe_ltmax (Long-term maximum DissolvedIron, MMol' 'M-3)
dfe_mean (Average DissolvedIron, MMol' 'M-3)
dfe_ltmin (Long-term minimum DissolvedIron, MMol' 'M-3)
dfe_min (Minimum DissolvedIron, MMol' 'M-3)
dfe_range (Range DissolvedIron, MMol' 'M-3)
dfe_sd (Standard deviation DissolvedIron, MMol' 'M-3)
"
"dfe_baseline_2000_2018_depthsurf";"Bio-Oracle DissolvedIron [depthSurf] Baseline 2000-2018.";"Uses attributes recommended by https://cfconventions.org

cdm_data_type = Grid
VARIABLES (all of which use the dimensions [time][latitude][longitude]):
dfe_max (Maximum DissolvedIron, MMol' 'M-3)
dfe_ltmax (Long-term maximum DissolvedIron, MMol' 'M-3)
dfe_mean (Average DissolvedIron, MMol' 'M-3)
dfe_ltmin (Long-term minimum DissolvedIron, MMol' 'M-3)
dfe_min (Minimum DissolvedIron, MMol' 'M-3)
dfe_range (Range DissolvedIron, MMol' 'M-3)
"
"dfe_ssp119_2020_2100_depthsurf";"Bio-Oracle DissolvedIron [depthSurf] SSP119 2020-2100.";"Uses attributes recommended by https://cfconventions.org

cdm_data_type = Grid
VARIABLES (all of which use the dimensions [time][latitude][longitude]):
dfe_max (Maximum DissolvedIron, MMol' 'M-3)
dfe_ltmax (Long-term maximum DissolvedIron, MMol' 'M-3)
dfe_mean (Average DissolvedIron, MMol' 'M-3)
dfe_ltmin (Long-term minimum DissolvedIron, MMol' 'M-3)
dfe_min (Minimum DissolvedIron, MMol' 'M-3)
dfe_range (Range DissolvedIron, MMol' 'M-3)
dfe_sd (Standard deviation DissolvedIron, MMol' 'M-3)
"
"dfe_ssp126_2020_2100_depthsurf";"Bio-Oracle DissolvedIron [depthSurf] SSP126 2020-2100.";"Uses attributes recommended by https://cfconventions.org

cdm_data_type = Grid
VARIABLES (all of which use the dimensions [time][latitude][longitude]):
dfe_max (Maximum DissolvedIron, MMol' 'M-3)
dfe_ltmax (Long-term maximum DissolvedIron, MMol' 'M-3)
dfe_mean (Average DissolvedIron, MMol' 'M-3)
dfe_ltmin (Long-term minimum DissolvedIron, MMol' 'M-3)
dfe_min (Minimum DissolvedIron, MMol' 'M-3)
dfe_range (Range DissolvedIron, MMol' 'M-3)
dfe_sd (Standard deviation DissolvedIron, MMol' 'M-3)
"
"dfe_ssp245_2020_2100_depthsurf";"Bio-Oracle DissolvedIron [depthSurf] SSP245 2020-2100.";"Uses attributes recommended by https://cfconventions.org

cdm_data_type = Grid
VARIABLES (all of which use the dimensions [time][latitude][longitude]):
dfe_max (Maximum DissolvedIron, MMol' 'M-3)
dfe_ltmax (Long-term maximum DissolvedIron, MMol' 'M-3)
dfe_mean (Average DissolvedIron, MMol' 'M-3)
dfe_ltmin (Long-term minimum DissolvedIron, MMol' 'M-3)
dfe_min (Minimum DissolvedIron, MMol' 'M-3)
dfe_range (Range DissolvedIron, MMol' 'M-3)
dfe_sd (Standard deviation DissolvedIron, MMol' 'M-3)
"
"dfe_ssp370_2020_2100_depthsurf";"Bio-Oracle DissolvedIron [depthSurf] SSP370 2020-2100.";"Uses attributes recommended by https://cfconventions.org

cdm_data_type = Grid
VARIABLES (all of which use the dimensions [time][latitude][longitude]):
dfe_max (Maximum DissolvedIron, MMol' 'M-3)
dfe_ltmax (Long-term maximum DissolvedIron, MMol' 'M-3)
dfe_mean (Average DissolvedIron, MMol' 'M-3)
dfe_ltmin (Long-term minimum DissolvedIron, MMol' 'M-3)
dfe_min (Minimum DissolvedIron, MMol' 'M-3)
dfe_range (Range DissolvedIron, MMol' 'M-3)
dfe_sd (Standard deviation DissolvedIron, MMol' 'M-3)
"
"dfe_ssp460_2020_2100_depthsurf";"Bio-Oracle DissolvedIron [depthSurf] SSP460 2020-2100.";"Uses attributes recommended by https://cfconventions.org

cdm_data_type = Grid
VARIABLES (all of which use the dimensions [time][latitude][longitude]):
dfe_max (Maximum DissolvedIron, MMol' 'M-3)
dfe_ltmax (Long-term maximum DissolvedIron, MMol' 'M-3)
dfe_mean (Average DissolvedIron, MMol' 'M-3)
dfe_ltmin (Long-term minimum DissolvedIron, MMol' 'M-3)
dfe_min (Minimum DissolvedIron, MMol' 'M-3)
dfe_range (Range DissolvedIron, MMol' 'M-3)
dfe_sd (Standard deviation DissolvedIron, MMol' 'M-3)
"
"dfe_ssp585_2020_2100_depthsurf";"Bio-Oracle DissolvedIron [depthSurf] SSP585 2020-2100.";"Uses attributes recommended by https://cfconventions.org

cdm_data_type = Grid
VARIABLES (all of which use the dimensions [time][latitude][longitude]):
dfe_max (Maximum DissolvedIron, MMol' 'M-3)
dfe_ltmax (Long-term maximum DissolvedIron, MMol' 'M-3)
dfe_mean (Average DissolvedIron, MMol' 'M-3)
dfe_ltmin (Long-term minimum DissolvedIron, MMol' 'M-3)
dfe_min (Minimum DissolvedIron, MMol' 'M-3)
dfe_range (Range DissolvedIron, MMol' 'M-3)
dfe_sd (Standard deviation DissolvedIron, MMol' 'M-3)
"
"o2_baseline_2000_2018_depthmax";"Bio-Oracle DissolvedMolecularOxygen [depthMax] Baseline 2000-2018.";"Uses attributes recommended by https://cfconventions.org

cdm_data_type = Grid
VARIABLES (all of which use the dimensions [time][latitude][longitude]):
o2_max (Maximum DissolvedMolecularOxygen, MMol' 'M-3)
o2_ltmax (Long-term maximum DissolvedMolecularOxygen, MMol' 'M-3)
o2_mean (Average DissolvedMolecularOxygen, MMol' 'M-3)
o2_ltmin (Long-term minimum DissolvedMolecularOxygen, MMol' 'M-3)
o2_min (Minimum DissolvedMolecularOxygen, MMol' 'M-3)
o2_range (Range DissolvedMolecularOxygen, MMol' 'M-3)
"
"o2_ssp119_2020_2100_depthmax";"Bio-Oracle DissolvedMolecularOxygen [depthMax] SSP119 2020-2100.";"Uses attributes recommended by https://cfconventions.org

cdm_data_type = Grid
VARIABLES (all of which use the dimensions [time][latitude][longitude]):
o2_max (Maximum DissolvedMolecularOxygen, MMol' 'M-3)
o2_ltmax (Long-term maximum DissolvedMolecularOxygen, MMol' 'M-3)
o2_mean (Average DissolvedMolecularOxygen, MMol' 'M-3)
o2_ltmin (Long-term minimum DissolvedMolecularOxygen, MMol' 'M-3)
o2_min (Minimum DissolvedMolecularOxygen, MMol' 'M-3)
o2_range (Range DissolvedMolecularOxygen, MMol' 'M-3)
o2_sd (Standard deviation DissolvedMolecularOxygen, MMol' 'M-3)
"
"o2_ssp126_2020_2100_depthmax";"Bio-Oracle DissolvedMolecularOxygen [depthMax] SSP126 2020-2100.";"Uses attributes recommended by https://cfconventions.org

cdm_data_type = Grid
VARIABLES (all of which use the dimensions [time][latitude][longitude]):
o2_max (Maximum DissolvedMolecularOxygen, MMol' 'M-3)
o2_ltmax (Long-term maximum DissolvedMolecularOxygen, MMol' 'M-3)
o2_mean (Average DissolvedMolecularOxygen, MMol' 'M-3)
o2_ltmin (Long-term minimum DissolvedMolecularOxygen, MMol' 'M-3)
o2_min (Minimum DissolvedMolecularOxygen, MMol' 'M-3)
o2_range (Range DissolvedMolecularOxygen, MMol' 'M-3)
o2_sd (Standard deviation DissolvedMolecularOxygen, MMol' 'M-3)
"
"o2_ssp245_2020_2100_depthmax";"Bio-Oracle DissolvedMolecularOxygen [depthMax] SSP245 2020-2100.";"Uses attributes recommended by https://cfconventions.org

cdm_data_type = Grid
VARIABLES (all of which use the dimensions [time][latitude][longitude]):
o2_max (Maximum DissolvedMolecularOxygen, MMol' 'M-3)
o2_ltmax (Long-term maximum DissolvedMolecularOxygen, MMol' 'M-3)
o2_mean (Average DissolvedMolecularOxygen, MMol' 'M-3)
o2_ltmin (Long-term minimum DissolvedMolecularOxygen, MMol' 'M-3)
o2_min (Minimum DissolvedMolecularOxygen, MMol' 'M-3)
o2_range (Range DissolvedMolecularOxygen, MMol' 'M-3)
o2_sd (Standard deviation DissolvedMolecularOxygen, MMol' 'M-3)
"
"o2_ssp370_2020_2100_depthmax";"Bio-Oracle DissolvedMolecularOxygen [depthMax] SSP370 2020-2100.";"Uses attributes recommended by https://cfconventions.org

cdm_data_type = Grid
VARIABLES (all of which use the dimensions [time][latitude][longitude]):
o2_max (Maximum DissolvedMolecularOxygen, MMol' 'M-3)
o2_ltmax (Long-term maximum DissolvedMolecularOxygen, MMol' 'M-3)
o2_mean (Average DissolvedMolecularOxygen, MMol' 'M-3)
o2_ltmin (Long-term minimum DissolvedMolecularOxygen, MMol' 'M-3)
o2_min (Minimum DissolvedMolecularOxygen, MMol' 'M-3)
o2_range (Range DissolvedMolecularOxygen, MMol' 'M-3)
o2_sd (Standard deviation DissolvedMolecularOxygen, MMol' 'M-3)
"
"o2_ssp460_2020_2100_depthmax";"Bio-Oracle DissolvedMolecularOxygen [depthMax] SSP460 2020-2100.";"Uses attributes recommended by https://cfconventions.org

cdm_data_type = Grid
VARIABLES (all of which use the dimensions [time][latitude][longitude]):
o2_max (Maximum DissolvedMolecularOxygen, MMol' 'M-3)
o2_ltmax (Long-term maximum DissolvedMolecularOxygen, MMol' 'M-3)
o2_mean (Average DissolvedMolecularOxygen, MMol' 'M-3)
o2_ltmin (Long-term minimum DissolvedMolecularOxygen, MMol' 'M-3)
o2_min (Minimum DissolvedMolecularOxygen, MMol' 'M-3)
o2_range (Range DissolvedMolecularOxygen, MMol' 'M-3)
o2_sd (Standard deviation DissolvedMolecularOxygen, MMol' 'M-3)
"
"o2_ssp585_2020_2100_depthmax";"Bio-Oracle DissolvedMolecularOxygen [depthMax] SSP585 2020-2100.";"Uses attributes recommended by https://cfconventions.org

cdm_data_type = Grid
VARIABLES (all of which use the dimensions [time][latitude][longitude]):
o2_max (Maximum DissolvedMolecularOxygen, MMol' 'M-3)
o2_ltmax (Long-term maximum DissolvedMolecularOxygen, MMol' 'M-3)
o2_mean (Average DissolvedMolecularOxygen, MMol' 'M-3)
o2_ltmin (Long-term minimum DissolvedMolecularOxygen, MMol' 'M-3)
o2_min (Minimum DissolvedMolecularOxygen, MMol' 'M-3)
o2_range (Range DissolvedMolecularOxygen, MMol' 'M-3)
o2_sd (Standard deviation DissolvedMolecularOxygen, MMol' 'M-3)
"
"o2_baseline_2000_2018_depthmean";"Bio-Oracle DissolvedMolecularOxygen [depthMean] Baseline 2000-2018.";"Uses attributes recommended by https://cfconventions.org

cdm_data_type = Grid
VARIABLES (all of which use the dimensions [time][latitude][longitude]):
o2_max (Maximum DissolvedMolecularOxygen, MMol' 'M-3)
o2_ltmax (Long-term maximum DissolvedMolecularOxygen, MMol' 'M-3)
o2_mean (Average DissolvedMolecularOxygen, MMol' 'M-3)
o2_ltmin (Long-term minimum DissolvedMolecularOxygen, MMol' 'M-3)
o2_min (Minimum DissolvedMolecularOxygen, MMol' 'M-3)
o2_range (Range DissolvedMolecularOxygen, MMol' 'M-3)
"
"o2_ssp119_2020_2100_depthmean";"Bio-Oracle DissolvedMolecularOxygen [depthMean] SSP119 2020-2100.";"Uses attributes recommended by https://cfconventions.org

cdm_data_type = Grid
VARIABLES (all of which use the dimensions [time][latitude][longitude]):
o2_max (Maximum DissolvedMolecularOxygen, MMol' 'M-3)
o2_ltmax (Long-term maximum DissolvedMolecularOxygen, MMol' 'M-3)
o2_mean (Average DissolvedMolecularOxygen, MMol' 'M-3)
o2_ltmin (Long-term minimum DissolvedMolecularOxygen, MMol' 'M-3)
o2_min (Minimum DissolvedMolecularOxygen, MMol' 'M-3)
o2_range (Range DissolvedMolecularOxygen, MMol' 'M-3)
o2_sd (Standard deviation DissolvedMolecularOxygen, MMol' 'M-3)
"
"o2_ssp126_2020_2100_depthmean";"Bio-Oracle DissolvedMolecularOxygen [depthMean] SSP126 2020-2100.";"Uses attributes recommended by https://cfconventions.org

cdm_data_type = Grid
VARIABLES (all of which use the dimensions [time][latitude][longitude]):
o2_max (Maximum DissolvedMolecularOxygen, MMol' 'M-3)
o2_ltmax (Long-term maximum DissolvedMolecularOxygen, MMol' 'M-3)
o2_mean (Average DissolvedMolecularOxygen, MMol' 'M-3)
o2_ltmin (Long-term minimum DissolvedMolecularOxygen, MMol' 'M-3)
o2_min (Minimum DissolvedMolecularOxygen, MMol' 'M-3)
o2_range (Range DissolvedMolecularOxygen, MMol' 'M-3)
o2_sd (Standard deviation DissolvedMolecularOxygen, MMol' 'M-3)
"
"o2_ssp245_2020_2100_depthmean";"Bio-Oracle DissolvedMolecularOxygen [depthMean] SSP245 2020-2100.";"Uses attributes recommended by https://cfconventions.org

cdm_data_type = Grid
VARIABLES (all of which use the dimensions [time][latitude][longitude]):
o2_max (Maximum DissolvedMolecularOxygen, MMol' 'M-3)
o2_ltmax (Long-term maximum DissolvedMolecularOxygen, MMol' 'M-3)
o2_mean (Average DissolvedMolecularOxygen, MMol' 'M-3)
o2_ltmin (Long-term minimum DissolvedMolecularOxygen, MMol' 'M-3)
o2_min (Minimum DissolvedMolecularOxygen, MMol' 'M-3)
o2_range (Range DissolvedMolecularOxygen, MMol' 'M-3)
o2_sd (Standard deviation DissolvedMolecularOxygen, MMol' 'M-3)
"
"o2_ssp370_2020_2100_depthmean";"Bio-Oracle DissolvedMolecularOxygen [depthMean] SSP370 2020-2100.";"Uses attributes recommended by https://cfconventions.org

cdm_data_type = Grid
VARIABLES (all of which use the dimensions [time][latitude][longitude]):
o2_max (Maximum DissolvedMolecularOxygen, MMol' 'M-3)
o2_ltmax (Long-term maximum DissolvedMolecularOxygen, MMol' 'M-3)
o2_mean (Average DissolvedMolecularOxygen, MMol' 'M-3)
o2_ltmin (Long-term minimum DissolvedMolecularOxygen, MMol' 'M-3)
o2_min (Minimum DissolvedMolecularOxygen, MMol' 'M-3)
o2_range (Range DissolvedMolecularOxygen, MMol' 'M-3)
o2_sd (Standard deviation DissolvedMolecularOxygen, MMol' 'M-3)
"
"o2_ssp460_2020_2100_depthmean";"Bio-Oracle DissolvedMolecularOxygen [depthMean] SSP460 2020-2100.";"Uses attributes recommended by https://cfconventions.org

cdm_data_type = Grid
VARIABLES (all of which use the dimensions [time][latitude][longitude]):
o2_max (Maximum DissolvedMolecularOxygen, MMol' 'M-3)
o2_ltmax (Long-term maximum DissolvedMolecularOxygen, MMol' 'M-3)
o2_mean (Average DissolvedMolecularOxygen, MMol' 'M-3)
o2_ltmin (Long-term minimum DissolvedMolecularOxygen, MMol' 'M-3)
o2_min (Minimum DissolvedMolecularOxygen, MMol' 'M-3)
o2_range (Range DissolvedMolecularOxygen, MMol' 'M-3)
o2_sd (Standard deviation DissolvedMolecularOxygen, MMol' 'M-3)
"
"o2_ssp585_2020_2100_depthmean";"Bio-Oracle DissolvedMolecularOxygen [depthMean] SSP585 2020-2100.";"Uses attributes recommended by https://cfconventions.org

cdm_data_type = Grid
VARIABLES (all of which use the dimensions [time][latitude][longitude]):
o2_max (Maximum DissolvedMolecularOxygen, MMol' 'M-3)
o2_ltmax (Long-term maximum DissolvedMolecularOxygen, MMol' 'M-3)
o2_mean (Average DissolvedMolecularOxygen, MMol' 'M-3)
o2_ltmin (Long-term minimum DissolvedMolecularOxygen, MMol' 'M-3)
o2_min (Minimum DissolvedMolecularOxygen, MMol' 'M-3)
o2_range (Range DissolvedMolecularOxygen, MMol' 'M-3)
o2_sd (Standard deviation DissolvedMolecularOxygen, MMol' 'M-3)
"
"o2_baseline_2000_2018_depthmin";"Bio-Oracle DissolvedMolecularOxygen [depthMin] Baseline 2000-2018.";"Uses attributes recommended by https://cfconventions.org

cdm_data_type = Grid
VARIABLES (all of which use the dimensions [time][latitude][longitude]):
o2_max (Maximum DissolvedMolecularOxygen, MMol' 'M-3)
o2_ltmax (Long-term maximum DissolvedMolecularOxygen, MMol' 'M-3)
o2_mean (Average DissolvedMolecularOxygen, MMol' 'M-3)
o2_ltmin (Long-term minimum DissolvedMolecularOxygen, MMol' 'M-3)
o2_min (Minimum DissolvedMolecularOxygen, MMol' 'M-3)
o2_range (Range DissolvedMolecularOxygen, MMol' 'M-3)
"
"o2_ssp119_2020_2100_depthmin";"Bio-Oracle DissolvedMolecularOxygen [depthMin] SSP119 2020-2100.";"Uses attributes recommended by https://cfconventions.org

cdm_data_type = Grid
VARIABLES (all of which use the dimensions [time][latitude][longitude]):
o2_max (Maximum DissolvedMolecularOxygen, MMol' 'M-3)
o2_ltmax (Long-term maximum DissolvedMolecularOxygen, MMol' 'M-3)
o2_mean (Average DissolvedMolecularOxygen, MMol' 'M-3)
o2_ltmin (Long-term minimum DissolvedMolecularOxygen, MMol' 'M-3)
o2_min (Minimum DissolvedMolecularOxygen, MMol' 'M-3)
o2_range (Range DissolvedMolecularOxygen, MMol' 'M-3)
o2_sd (Standard deviation DissolvedMolecularOxygen, MMol' 'M-3)
"
"o2_ssp126_2020_2100_depthmin";"Bio-Oracle DissolvedMolecularOxygen [depthMin] SSP126 2020-2100.";"Uses attributes recommended by https://cfconventions.org

cdm_data_type = Grid
VARIABLES (all of which use the dimensions [time][latitude][longitude]):
o2_max (Maximum DissolvedMolecularOxygen, MMol' 'M-3)
o2_ltmax (Long-term maximum DissolvedMolecularOxygen, MMol' 'M-3)
o2_mean (Average DissolvedMolecularOxygen, MMol' 'M-3)
o2_ltmin (Long-term minimum DissolvedMolecularOxygen, MMol' 'M-3)
o2_min (Minimum DissolvedMolecularOxygen, MMol' 'M-3)
o2_range (Range DissolvedMolecularOxygen, MMol' 'M-3)
o2_sd (Standard deviation DissolvedMolecularOxygen, MMol' 'M-3)
"
"o2_ssp245_2020_2100_depthmin";"Bio-Oracle DissolvedMolecularOxygen [depthMin] SSP245 2020-2100.";"Uses attributes recommended by https://cfconventions.org

cdm_data_type = Grid
VARIABLES (all of which use the dimensions [time][latitude][longitude]):
o2_max (Maximum DissolvedMolecularOxygen, MMol' 'M-3)
o2_ltmax (Long-term maximum DissolvedMolecularOxygen, MMol' 'M-3)
o2_mean (Average DissolvedMolecularOxygen, MMol' 'M-3)
o2_ltmin (Long-term minimum DissolvedMolecularOxygen, MMol' 'M-3)
o2_min (Minimum DissolvedMolecularOxygen, MMol' 'M-3)
o2_range (Range DissolvedMolecularOxygen, MMol' 'M-3)
o2_sd (Standard deviation DissolvedMolecularOxygen, MMol' 'M-3)
"
"o2_ssp370_2020_2100_depthmin";"Bio-Oracle DissolvedMolecularOxygen [depthMin] SSP370 2020-2100.";"Uses attributes recommended by https://cfconventions.org

cdm_data_type = Grid
VARIABLES (all of which use the dimensions [time][latitude][longitude]):
o2_max (Maximum DissolvedMolecularOxygen, MMol' 'M-3)
o2_ltmax (Long-term maximum DissolvedMolecularOxygen, MMol' 'M-3)
o2_mean (Average DissolvedMolecularOxygen, MMol' 'M-3)
o2_ltmin (Long-term minimum DissolvedMolecularOxygen, MMol' 'M-3)
o2_min (Minimum DissolvedMolecularOxygen, MMol' 'M-3)
o2_range (Range DissolvedMolecularOxygen, MMol' 'M-3)
o2_sd (Standard deviation DissolvedMolecularOxygen, MMol' 'M-3)
"
"o2_ssp460_2020_2100_depthmin";"Bio-Oracle DissolvedMolecularOxygen [depthMin] SSP460 2020-2100.";"Uses attributes recommended by https://cfconventions.org

cdm_data_type = Grid
VARIABLES (all of which use the dimensions [time][latitude][longitude]):
o2_max (Maximum DissolvedMolecularOxygen, MMol' 'M-3)
o2_ltmax (Long-term maximum DissolvedMolecularOxygen, MMol' 'M-3)
o2_mean (Average DissolvedMolecularOxygen, MMol' 'M-3)
o2_ltmin (Long-term minimum DissolvedMolecularOxygen, MMol' 'M-3)
o2_min (Minimum DissolvedMolecularOxygen, MMol' 'M-3)
o2_range (Range DissolvedMolecularOxygen, MMol' 'M-3)
o2_sd (Standard deviation DissolvedMolecularOxygen, MMol' 'M-3)
"
"o2_ssp585_2020_2100_depthmin";"Bio-Oracle DissolvedMolecularOxygen [depthMin] SSP585 2020-2100.";"Uses attributes recommended by https://cfconventions.org

cdm_data_type = Grid
VARIABLES (all of which use the dimensions [time][latitude][longitude]):
o2_max (Maximum DissolvedMolecularOxygen, MMol' 'M-3)
o2_ltmax (Long-term maximum DissolvedMolecularOxygen, MMol' 'M-3)
o2_mean (Average DissolvedMolecularOxygen, MMol' 'M-3)
o2_ltmin (Long-term minimum DissolvedMolecularOxygen, MMol' 'M-3)
o2_min (Minimum DissolvedMolecularOxygen, MMol' 'M-3)
o2_range (Range DissolvedMolecularOxygen, MMol' 'M-3)
o2_sd (Standard deviation DissolvedMolecularOxygen, MMol' 'M-3)
"
"o2_baseline_2000_2018_depthsurf";"Bio-Oracle DissolvedMolecularOxygen [depthSurf] Baseline 2000-2018.";"Uses attributes recommended by https://cfconventions.org

cdm_data_type = Grid
VARIABLES (all of which use the dimensions [time][latitude][longitude]):
o2_max (Maximum DissolvedMolecularOxygen, MMol' 'M-3)
o2_ltmax (Long-term maximum DissolvedMolecularOxygen, MMol' 'M-3)
o2_mean (Average DissolvedMolecularOxygen, MMol' 'M-3)
o2_ltmin (Long-term minimum DissolvedMolecularOxygen, MMol' 'M-3)
o2_min (Minimum DissolvedMolecularOxygen, MMol' 'M-3)
o2_range (Range DissolvedMolecularOxygen, MMol' 'M-3)
"
"o2_ssp119_2020_2100_depthsurf";"Bio-Oracle DissolvedMolecularOxygen [depthSurf] SSP119 2020-2100.";"Uses attributes recommended by https://cfconventions.org

cdm_data_type = Grid
VARIABLES (all of which use the dimensions [time][latitude][longitude]):
o2_max (Maximum DissolvedMolecularOxygen, MMol' 'M-3)
o2_ltmax (Long-term maximum DissolvedMolecularOxygen, MMol' 'M-3)
o2_mean (Average DissolvedMolecularOxygen, MMol' 'M-3)
o2_ltmin (Long-term minimum DissolvedMolecularOxygen, MMol' 'M-3)
o2_min (Minimum DissolvedMolecularOxygen, MMol' 'M-3)
o2_range (Range DissolvedMolecularOxygen, MMol' 'M-3)
o2_sd (Standard deviation DissolvedMolecularOxygen, MMol' 'M-3)
"
"o2_ssp126_2020_2100_depthsurf";"Bio-Oracle DissolvedMolecularOxygen [depthSurf] SSP126 2020-2100.";"Uses attributes recommended by https://cfconventions.org

cdm_data_type = Grid
VARIABLES (all of which use the dimensions [time][latitude][longitude]):
o2_max (Maximum DissolvedMolecularOxygen, MMol' 'M-3)
o2_ltmax (Long-term maximum DissolvedMolecularOxygen, MMol' 'M-3)
o2_mean (Average DissolvedMolecularOxygen, MMol' 'M-3)
o2_ltmin (Long-term minimum DissolvedMolecularOxygen, MMol' 'M-3)
o2_min (Minimum DissolvedMolecularOxygen, MMol' 'M-3)
o2_range (Range DissolvedMolecularOxygen, MMol' 'M-3)
o2_sd (Standard deviation DissolvedMolecularOxygen, MMol' 'M-3)
"
"o2_ssp245_2020_2100_depthsurf";"Bio-Oracle DissolvedMolecularOxygen [depthSurf] SSP245 2020-2100.";"Uses attributes recommended by https://cfconventions.org

cdm_data_type = Grid
VARIABLES (all of which use the dimensions [time][latitude][longitude]):
o2_max (Maximum DissolvedMolecularOxygen, MMol' 'M-3)
o2_ltmax (Long-term maximum DissolvedMolecularOxygen, MMol' 'M-3)
o2_mean (Average DissolvedMolecularOxygen, MMol' 'M-3)
o2_ltmin (Long-term minimum DissolvedMolecularOxygen, MMol' 'M-3)
o2_min (Minimum DissolvedMolecularOxygen, MMol' 'M-3)
o2_range (Range DissolvedMolecularOxygen, MMol' 'M-3)
o2_sd (Standard deviation DissolvedMolecularOxygen, MMol' 'M-3)
"
"o2_ssp370_2020_2100_depthsurf";"Bio-Oracle DissolvedMolecularOxygen [depthSurf] SSP370 2020-2100.";"Uses attributes recommended by https://cfconventions.org

cdm_data_type = Grid
VARIABLES (all of which use the dimensions [time][latitude][longitude]):
o2_max (Maximum DissolvedMolecularOxygen, MMol' 'M-3)
o2_ltmax (Long-term maximum DissolvedMolecularOxygen, MMol' 'M-3)
o2_mean (Average DissolvedMolecularOxygen, MMol' 'M-3)
o2_ltmin (Long-term minimum DissolvedMolecularOxygen, MMol' 'M-3)
o2_min (Minimum DissolvedMolecularOxygen, MMol' 'M-3)
o2_range (Range DissolvedMolecularOxygen, MMol' 'M-3)
o2_sd (Standard deviation DissolvedMolecularOxygen, MMol' 'M-3)
"
"o2_ssp460_2020_2100_depthsurf";"Bio-Oracle DissolvedMolecularOxygen [depthSurf] SSP460 2020-2100.";"Uses attributes recommended by https://cfconventions.org

cdm_data_type = Grid
VARIABLES (all of which use the dimensions [time][latitude][longitude]):
o2_max (Maximum DissolvedMolecularOxygen, MMol' 'M-3)
o2_ltmax (Long-term maximum DissolvedMolecularOxygen, MMol' 'M-3)
o2_mean (Average DissolvedMolecularOxygen, MMol' 'M-3)
o2_ltmin (Long-term minimum DissolvedMolecularOxygen, MMol' 'M-3)
o2_min (Minimum DissolvedMolecularOxygen, MMol' 'M-3)
o2_range (Range DissolvedMolecularOxygen, MMol' 'M-3)
o2_sd (Standard deviation DissolvedMolecularOxygen, MMol' 'M-3)
"
"o2_ssp585_2020_2100_depthsurf";"Bio-Oracle DissolvedMolecularOxygen [depthSurf] SSP585 2020-2100.";"Uses attributes recommended by https://cfconventions.org

cdm_data_type = Grid
VARIABLES (all of which use the dimensions [time][latitude][longitude]):
o2_max (Maximum DissolvedMolecularOxygen, MMol' 'M-3)
o2_ltmax (Long-term maximum DissolvedMolecularOxygen, MMol' 'M-3)
o2_mean (Average DissolvedMolecularOxygen, MMol' 'M-3)
o2_ltmin (Long-term minimum DissolvedMolecularOxygen, MMol' 'M-3)
o2_min (Minimum DissolvedMolecularOxygen, MMol' 'M-3)
o2_range (Range DissolvedMolecularOxygen, MMol' 'M-3)
o2_sd (Standard deviation DissolvedMolecularOxygen, MMol' 'M-3)
"
"mlotst_baseline_2000_2019_depthsurf";"Bio-Oracle MixedLayerDepth [depthSurf] Baseline 2000-2019.";"Uses attributes recommended by https://cfconventions.org

cdm_data_type = Grid
VARIABLES (all of which use the dimensions [time][latitude][longitude]):
mlotst_max (Maximum MixedLayerDepth, m)
mlotst_ltmax (Long-term maximum MixedLayerDepth, m)
mlotst_mean (Average MixedLayerDepth, m)
mlotst_ltmin (Long-term minimum MixedLayerDepth, m)
mlotst_min (Minimum MixedLayerDepth, m)
mlotst_range (Range MixedLayerDepth, m)
"
"mlotst_ssp119_2020_2100_depthsurf";"Bio-Oracle MixedLayerDepth [depthSurf] SSP119 2020-2100.";"Uses attributes recommended by https://cfconventions.org

cdm_data_type = Grid
VARIABLES (all of which use the dimensions [time][latitude][longitude]):
mlotst_max (Maximum MixedLayerDepth, m)
mlotst_ltmax (Long-term maximum MixedLayerDepth, m)
mlotst_mean (Average MixedLayerDepth, m)
mlotst_ltmin (Long-term minimum MixedLayerDepth, m)
mlotst_min (Minimum MixedLayerDepth, m)
mlotst_range (Range MixedLayerDepth, m)
mlotst_sd (Standard deviation MixedLayerDepth, m)
"
"mlotst_ssp126_2020_2100_depthsurf";"Bio-Oracle MixedLayerDepth [depthSurf] SSP126 2020-2100.";"Uses attributes recommended by https://cfconventions.org

cdm_data_type = Grid
VARIABLES (all of which use the dimensions [time][latitude][longitude]):
mlotst_max (Maximum MixedLayerDepth, m)
mlotst_ltmax (Long-term maximum MixedLayerDepth, m)
mlotst_mean (Average MixedLayerDepth, m)
mlotst_ltmin (Long-term minimum MixedLayerDepth, m)
mlotst_min (Minimum MixedLayerDepth, m)
mlotst_range (Range MixedLayerDepth, m)
mlotst_sd (Standard deviation MixedLayerDepth, m)
"
"mlotst_ssp245_2020_2100_depthsurf";"Bio-Oracle MixedLayerDepth [depthSurf] SSP245 2020-2100.";"Uses attributes recommended by https://cfconventions.org

cdm_data_type = Grid
VARIABLES (all of which use the dimensions [time][latitude][longitude]):
mlotst_max (Maximum MixedLayerDepth, m)
mlotst_ltmax (Long-term maximum MixedLayerDepth, m)
mlotst_mean (Average MixedLayerDepth, m)
mlotst_ltmin (Long-term minimum MixedLayerDepth, m)
mlotst_min (Minimum MixedLayerDepth, m)
mlotst_range (Range MixedLayerDepth, m)
mlotst_sd (Standard deviation MixedLayerDepth, m)
"
"mlotst_ssp370_2020_2100_depthsurf";"Bio-Oracle MixedLayerDepth [depthSurf] SSP370 2020-2100.";"Uses attributes recommended by https://cfconventions.org

cdm_data_type = Grid
VARIABLES (all of which use the dimensions [time][latitude][longitude]):
mlotst_max (Maximum MixedLayerDepth, m)
mlotst_ltmax (Long-term maximum MixedLayerDepth, m)
mlotst_mean (Average MixedLayerDepth, m)
mlotst_ltmin (Long-term minimum MixedLayerDepth, m)
mlotst_min (Minimum MixedLayerDepth, m)
mlotst_range (Range MixedLayerDepth, m)
mlotst_sd (Standard deviation MixedLayerDepth, m)
"
"mlotst_ssp460_2020_2100_depthsurf";"Bio-Oracle MixedLayerDepth [depthSurf] SSP460 2020-2100.";"Uses attributes recommended by https://cfconventions.org

cdm_data_type = Grid
VARIABLES (all of which use the dimensions [time][latitude][longitude]):
mlotst_max (Maximum MixedLayerDepth, m)
mlotst_ltmax (Long-term maximum MixedLayerDepth, m)
mlotst_mean (Average MixedLayerDepth, m)
mlotst_ltmin (Long-term minimum MixedLayerDepth, m)
mlotst_min (Minimum MixedLayerDepth, m)
mlotst_range (Range MixedLayerDepth, m)
mlotst_sd (Standard deviation MixedLayerDepth, m)
"
"mlotst_ssp585_2020_2100_depthsurf";"Bio-Oracle MixedLayerDepth [depthSurf] SSP585 2020-2100.";"Uses attributes recommended by https://cfconventions.org

cdm_data_type = Grid
VARIABLES (all of which use the dimensions [time][latitude][longitude]):
mlotst_max (Maximum MixedLayerDepth, m)
mlotst_ltmax (Long-term maximum MixedLayerDepth, m)
mlotst_mean (Average MixedLayerDepth, m)
mlotst_ltmin (Long-term minimum MixedLayerDepth, m)
mlotst_min (Minimum MixedLayerDepth, m)
mlotst_range (Range MixedLayerDepth, m)
mlotst_sd (Standard deviation MixedLayerDepth, m)
"
"no3_baseline_2000_2018_depthmax";"Bio-Oracle Nitrate [depthMax] Baseline 2000-2018.";"Uses attributes recommended by https://cfconventions.org

cdm_data_type = Grid
VARIABLES (all of which use the dimensions [time][latitude][longitude]):
no3_max (Maximum Nitrate, MMol' 'M-3)
no3_ltmax (Long-term maximum Nitrate, MMol' 'M-3)
no3_mean (Average Nitrate, MMol' 'M-3)
no3_ltmin (Long-term minimum Nitrate, MMol' 'M-3)
no3_min (Minimum Nitrate, MMol' 'M-3)
no3_range (Range Nitrate, MMol' 'M-3)
"
"no3_ssp119_2020_2100_depthmax";"Bio-Oracle Nitrate [depthMax] SSP119 2020-2100.";"Uses attributes recommended by https://cfconventions.org

cdm_data_type = Grid
VARIABLES (all of which use the dimensions [time][latitude][longitude]):
no3_max (Maximum Nitrate, MMol' 'M-3)
no3_ltmax (Long-term maximum Nitrate, MMol' 'M-3)
no3_mean (Average Nitrate, MMol' 'M-3)
no3_ltmin (Long-term minimum Nitrate, MMol' 'M-3)
no3_min (Minimum Nitrate, MMol' 'M-3)
no3_range (Range Nitrate, MMol' 'M-3)
no3_sd (Standard deviation Nitrate, MMol' 'M-3)
"
"no3_ssp126_2020_2100_depthmax";"Bio-Oracle Nitrate [depthMax] SSP126 2020-2100.";"Uses attributes recommended by https://cfconventions.org

cdm_data_type = Grid
VARIABLES (all of which use the dimensions [time][latitude][longitude]):
no3_max (Maximum Nitrate, MMol' 'M-3)
no3_ltmax (Long-term maximum Nitrate, MMol' 'M-3)
no3_mean (Average Nitrate, MMol' 'M-3)
no3_ltmin (Long-term minimum Nitrate, MMol' 'M-3)
no3_min (Minimum Nitrate, MMol' 'M-3)
no3_range (Range Nitrate, MMol' 'M-3)
no3_sd (Standard deviation Nitrate, MMol' 'M-3)
"
"no3_ssp245_2020_2100_depthmax";"Bio-Oracle Nitrate [depthMax] SSP245 2020-2100.";"Uses attributes recommended by https://cfconventions.org

cdm_data_type = Grid
VARIABLES (all of which use the dimensions [time][latitude][longitude]):
no3_max (Maximum Nitrate, MMol' 'M-3)
no3_ltmax (Long-term maximum Nitrate, MMol' 'M-3)
no3_mean (Average Nitrate, MMol' 'M-3)
no3_ltmin (Long-term minimum Nitrate, MMol' 'M-3)
no3_min (Minimum Nitrate, MMol' 'M-3)
no3_range (Range Nitrate, MMol' 'M-3)
no3_sd (Standard deviation Nitrate, MMol' 'M-3)
"
"no3_ssp370_2020_2100_depthmax";"Bio-Oracle Nitrate [depthMax] SSP370 2020-2100.";"Uses attributes recommended by https://cfconventions.org

cdm_data_type = Grid
VARIABLES (all of which use the dimensions [time][latitude][longitude]):
no3_max (Maximum Nitrate, MMol' 'M-3)
no3_ltmax (Long-term maximum Nitrate, MMol' 'M-3)
no3_mean (Average Nitrate, MMol' 'M-3)
no3_ltmin (Long-term minimum Nitrate, MMol' 'M-3)
no3_min (Minimum Nitrate, MMol' 'M-3)
no3_range (Range Nitrate, MMol' 'M-3)
no3_sd (Standard deviation Nitrate, MMol' 'M-3)
"
"no3_ssp460_2020_2100_depthmax";"Bio-Oracle Nitrate [depthMax] SSP460 2020-2100.";"Uses attributes recommended by https://cfconventions.org

cdm_data_type = Grid
VARIABLES (all of which use the dimensions [time][latitude][longitude]):
no3_max (Maximum Nitrate, MMol' 'M-3)
no3_ltmax (Long-term maximum Nitrate, MMol' 'M-3)
no3_mean (Average Nitrate, MMol' 'M-3)
no3_ltmin (Long-term minimum Nitrate, MMol' 'M-3)
no3_min (Minimum Nitrate, MMol' 'M-3)
no3_range (Range Nitrate, MMol' 'M-3)
no3_sd (Standard deviation Nitrate, MMol' 'M-3)
"
"no3_ssp585_2020_2100_depthmax";"Bio-Oracle Nitrate [depthMax] SSP585 2020-2100.";"Uses attributes recommended by https://cfconventions.org

cdm_data_type = Grid
VARIABLES (all of which use the dimensions [time][latitude][longitude]):
no3_max (Maximum Nitrate, MMol' 'M-3)
no3_ltmax (Long-term maximum Nitrate, MMol' 'M-3)
no3_mean (Average Nitrate, MMol' 'M-3)
no3_ltmin (Long-term minimum Nitrate, MMol' 'M-3)
no3_min (Minimum Nitrate, MMol' 'M-3)
no3_range (Range Nitrate, MMol' 'M-3)
no3_sd (Standard deviation Nitrate, MMol' 'M-3)
"
"no3_baseline_2000_2018_depthmean";"Bio-Oracle Nitrate [depthMean] Baseline 2000-2018.";"Uses attributes recommended by https://cfconventions.org

cdm_data_type = Grid
VARIABLES (all of which use the dimensions [time][latitude][longitude]):
no3_max (Maximum Nitrate, MMol' 'M-3)
no3_ltmax (Long-term maximum Nitrate, MMol' 'M-3)
no3_mean (Average Nitrate, MMol' 'M-3)
no3_ltmin (Long-term minimum Nitrate, MMol' 'M-3)
no3_min (Minimum Nitrate, MMol' 'M-3)
no3_range (Range Nitrate, MMol' 'M-3)
"
"no3_ssp119_2020_2100_depthmean";"Bio-Oracle Nitrate [depthMean] SSP119 2020-2100.";"Uses attributes recommended by https://cfconventions.org

cdm_data_type = Grid
VARIABLES (all of which use the dimensions [time][latitude][longitude]):
no3_max (Maximum Nitrate, MMol' 'M-3)
no3_ltmax (Long-term maximum Nitrate, MMol' 'M-3)
no3_mean (Average Nitrate, MMol' 'M-3)
no3_ltmin (Long-term minimum Nitrate, MMol' 'M-3)
no3_min (Minimum Nitrate, MMol' 'M-3)
no3_range (Range Nitrate, MMol' 'M-3)
no3_sd (Standard deviation Nitrate, MMol' 'M-3)
"
"no3_ssp126_2020_2100_depthmean";"Bio-Oracle Nitrate [depthMean] SSP126 2020-2100.";"Uses attributes recommended by https://cfconventions.org

cdm_data_type = Grid
VARIABLES (all of which use the dimensions [time][latitude][longitude]):
no3_max (Maximum Nitrate, MMol' 'M-3)
no3_ltmax (Long-term maximum Nitrate, MMol' 'M-3)
no3_mean (Average Nitrate, MMol' 'M-3)
no3_ltmin (Long-term minimum Nitrate, MMol' 'M-3)
no3_min (Minimum Nitrate, MMol' 'M-3)
no3_range (Range Nitrate, MMol' 'M-3)
no3_sd (Standard deviation Nitrate, MMol' 'M-3)
"
"no3_ssp245_2020_2100_depthmean";"Bio-Oracle Nitrate [depthMean] SSP245 2020-2100.";"Uses attributes recommended by https://cfconventions.org

cdm_data_type = Grid
VARIABLES (all of which use the dimensions [time][latitude][longitude]):
no3_max (Maximum Nitrate, MMol' 'M-3)
no3_ltmax (Long-term maximum Nitrate, MMol' 'M-3)
no3_mean (Average Nitrate, MMol' 'M-3)
no3_ltmin (Long-term minimum Nitrate, MMol' 'M-3)
no3_min (Minimum Nitrate, MMol' 'M-3)
no3_range (Range Nitrate, MMol' 'M-3)
no3_sd (Standard deviation Nitrate, MMol' 'M-3)
"
"no3_ssp370_2020_2100_depthmean";"Bio-Oracle Nitrate [depthMean] SSP370 2020-2100.";"Uses attributes recommended by https://cfconventions.org

cdm_data_type = Grid
VARIABLES (all of which use the dimensions [time][latitude][longitude]):
no3_max (Maximum Nitrate, MMol' 'M-3)
no3_ltmax (Long-term maximum Nitrate, MMol' 'M-3)
no3_mean (Average Nitrate, MMol' 'M-3)
no3_ltmin (Long-term minimum Nitrate, MMol' 'M-3)
no3_min (Minimum Nitrate, MMol' 'M-3)
no3_range (Range Nitrate, MMol' 'M-3)
no3_sd (Standard deviation Nitrate, MMol' 'M-3)
"
"no3_ssp460_2020_2100_depthmean";"Bio-Oracle Nitrate [depthMean] SSP460 2020-2100.";"Uses attributes recommended by https://cfconventions.org

cdm_data_type = Grid
VARIABLES (all of which use the dimensions [time][latitude][longitude]):
no3_max (Maximum Nitrate, MMol' 'M-3)
no3_ltmax (Long-term maximum Nitrate, MMol' 'M-3)
no3_mean (Average Nitrate, MMol' 'M-3)
no3_ltmin (Long-term minimum Nitrate, MMol' 'M-3)
no3_min (Minimum Nitrate, MMol' 'M-3)
no3_range (Range Nitrate, MMol' 'M-3)
no3_sd (Standard deviation Nitrate, MMol' 'M-3)
"
"no3_ssp585_2020_2100_depthmean";"Bio-Oracle Nitrate [depthMean] SSP585 2020-2100.";"Uses attributes recommended by https://cfconventions.org

cdm_data_type = Grid
VARIABLES (all of which use the dimensions [time][latitude][longitude]):
no3_max (Maximum Nitrate, MMol' 'M-3)
no3_ltmax (Long-term maximum Nitrate, MMol' 'M-3)
no3_mean (Average Nitrate, MMol' 'M-3)
no3_ltmin (Long-term minimum Nitrate, MMol' 'M-3)
no3_min (Minimum Nitrate, MMol' 'M-3)
no3_range (Range Nitrate, MMol' 'M-3)
no3_sd (Standard deviation Nitrate, MMol' 'M-3)
"
"no3_baseline_2000_2018_depthmin";"Bio-Oracle Nitrate [depthMin] Baseline 2000-2018.";"Uses attributes recommended by https://cfconventions.org

cdm_data_type = Grid
VARIABLES (all of which use the dimensions [time][latitude][longitude]):
no3_max (Maximum Nitrate, MMol' 'M-3)
no3_ltmax (Long-term maximum Nitrate, MMol' 'M-3)
no3_mean (Average Nitrate, MMol' 'M-3)
no3_ltmin (Long-term minimum Nitrate, MMol' 'M-3)
no3_min (Minimum Nitrate, MMol' 'M-3)
no3_range (Range Nitrate, MMol' 'M-3)
"
"no3_ssp119_2020_2100_depthmin";"Bio-Oracle Nitrate [depthMin] SSP119 2020-2100.";"Uses attributes recommended by https://cfconventions.org

cdm_data_type = Grid
VARIABLES (all of which use the dimensions [time][latitude][longitude]):
no3_max (Maximum Nitrate, MMol' 'M-3)
no3_ltmax (Long-term maximum Nitrate, MMol' 'M-3)
no3_mean (Average Nitrate, MMol' 'M-3)
no3_ltmin (Long-term minimum Nitrate, MMol' 'M-3)
no3_min (Minimum Nitrate, MMol' 'M-3)
no3_range (Range Nitrate, MMol' 'M-3)
no3_sd (Standard deviation Nitrate, MMol' 'M-3)
"
"no3_ssp126_2020_2100_depthmin";"Bio-Oracle Nitrate [depthMin] SSP126 2020-2100.";"Uses attributes recommended by https://cfconventions.org

cdm_data_type = Grid
VARIABLES (all of which use the dimensions [time][latitude][longitude]):
no3_max (Maximum Nitrate, MMol' 'M-3)
no3_ltmax (Long-term maximum Nitrate, MMol' 'M-3)
no3_mean (Average Nitrate, MMol' 'M-3)
no3_ltmin (Long-term minimum Nitrate, MMol' 'M-3)
no3_min (Minimum Nitrate, MMol' 'M-3)
no3_range (Range Nitrate, MMol' 'M-3)
no3_sd (Standard deviation Nitrate, MMol' 'M-3)
"
"no3_ssp245_2020_2100_depthmin";"Bio-Oracle Nitrate [depthMin] SSP245 2020-2100.";"Uses attributes recommended by https://cfconventions.org

cdm_data_type = Grid
VARIABLES (all of which use the dimensions [time][latitude][longitude]):
no3_max (Maximum Nitrate, MMol' 'M-3)
no3_ltmax (Long-term maximum Nitrate, MMol' 'M-3)
no3_mean (Average Nitrate, MMol' 'M-3)
no3_ltmin (Long-term minimum Nitrate, MMol' 'M-3)
no3_min (Minimum Nitrate, MMol' 'M-3)
no3_range (Range Nitrate, MMol' 'M-3)
no3_sd (Standard deviation Nitrate, MMol' 'M-3)
"
"no3_ssp370_2020_2100_depthmin";"Bio-Oracle Nitrate [depthMin] SSP370 2020-2100.";"Uses attributes recommended by https://cfconventions.org

cdm_data_type = Grid
VARIABLES (all of which use the dimensions [time][latitude][longitude]):
no3_max (Maximum Nitrate, MMol' 'M-3)
no3_ltmax (Long-term maximum Nitrate, MMol' 'M-3)
no3_mean (Average Nitrate, MMol' 'M-3)
no3_ltmin (Long-term minimum Nitrate, MMol' 'M-3)
no3_min (Minimum Nitrate, MMol' 'M-3)
no3_range (Range Nitrate, MMol' 'M-3)
no3_sd (Standard deviation Nitrate, MMol' 'M-3)
"
"no3_ssp460_2020_2100_depthmin";"Bio-Oracle Nitrate [depthMin] SSP460 2020-2100.";"Uses attributes recommended by https://cfconventions.org

cdm_data_type = Grid
VARIABLES (all of which use the dimensions [time][latitude][longitude]):
no3_max (Maximum Nitrate, MMol' 'M-3)
no3_ltmax (Long-term maximum Nitrate, MMol' 'M-3)
no3_mean (Average Nitrate, MMol' 'M-3)
no3_ltmin (Long-term minimum Nitrate, MMol' 'M-3)
no3_min (Minimum Nitrate, MMol' 'M-3)
no3_range (Range Nitrate, MMol' 'M-3)
no3_sd (Standard deviation Nitrate, MMol' 'M-3)
"
"no3_ssp585_2020_2100_depthmin";"Bio-Oracle Nitrate [depthMin] SSP585 2020-2100.";"Uses attributes recommended by https://cfconventions.org

cdm_data_type = Grid
VARIABLES (all of which use the dimensions [time][latitude][longitude]):
no3_max (Maximum Nitrate, MMol' 'M-3)
no3_ltmax (Long-term maximum Nitrate, MMol' 'M-3)
no3_mean (Average Nitrate, MMol' 'M-3)
no3_ltmin (Long-term minimum Nitrate, MMol' 'M-3)
no3_min (Minimum Nitrate, MMol' 'M-3)
no3_range (Range Nitrate, MMol' 'M-3)
no3_sd (Standard deviation Nitrate, MMol' 'M-3)
"
"no3_baseline_2000_2018_depthsurf";"Bio-Oracle Nitrate [depthSurf] Baseline 2000-2018.";"Uses attributes recommended by https://cfconventions.org

cdm_data_type = Grid
VARIABLES (all of which use the dimensions [time][latitude][longitude]):
no3_max (Maximum Nitrate, MMol' 'M-3)
no3_ltmax (Long-term maximum Nitrate, MMol' 'M-3)
no3_mean (Average Nitrate, MMol' 'M-3)
no3_ltmin (Long-term minimum Nitrate, MMol' 'M-3)
no3_min (Minimum Nitrate, MMol' 'M-3)
no3_range (Range Nitrate, MMol' 'M-3)
"
"no3_ssp119_2020_2100_depthsurf";"Bio-Oracle Nitrate [depthSurf] SSP119 2020-2100.";"Uses attributes recommended by https://cfconventions.org

cdm_data_type = Grid
VARIABLES (all of which use the dimensions [time][latitude][longitude]):
no3_max (Maximum Nitrate, MMol' 'M-3)
no3_ltmax (Long-term maximum Nitrate, MMol' 'M-3)
no3_mean (Average Nitrate, MMol' 'M-3)
no3_ltmin (Long-term minimum Nitrate, MMol' 'M-3)
no3_min (Minimum Nitrate, MMol' 'M-3)
no3_range (Range Nitrate, MMol' 'M-3)
no3_sd (Standard deviation Nitrate, MMol' 'M-3)
"
"no3_ssp126_2020_2100_depthsurf";"Bio-Oracle Nitrate [depthSurf] SSP126 2020-2100.";"Uses attributes recommended by https://cfconventions.org

cdm_data_type = Grid
VARIABLES (all of which use the dimensions [time][latitude][longitude]):
no3_max (Maximum Nitrate, MMol' 'M-3)
no3_ltmax (Long-term maximum Nitrate, MMol' 'M-3)
no3_mean (Average Nitrate, MMol' 'M-3)
no3_ltmin (Long-term minimum Nitrate, MMol' 'M-3)
no3_min (Minimum Nitrate, MMol' 'M-3)
no3_range (Range Nitrate, MMol' 'M-3)
no3_sd (Standard deviation Nitrate, MMol' 'M-3)
"
"no3_ssp245_2020_2100_depthsurf";"Bio-Oracle Nitrate [depthSurf] SSP245 2020-2100.";"Uses attributes recommended by https://cfconventions.org

cdm_data_type = Grid
VARIABLES (all of which use the dimensions [time][latitude][longitude]):
no3_max (Maximum Nitrate, MMol' 'M-3)
no3_ltmax (Long-term maximum Nitrate, MMol' 'M-3)
no3_mean (Average Nitrate, MMol' 'M-3)
no3_ltmin (Long-term minimum Nitrate, MMol' 'M-3)
no3_min (Minimum Nitrate, MMol' 'M-3)
no3_range (Range Nitrate, MMol' 'M-3)
no3_sd (Standard deviation Nitrate, MMol' 'M-3)
"
"no3_ssp370_2020_2100_depthsurf";"Bio-Oracle Nitrate [depthSurf] SSP370 2020-2100.";"Uses attributes recommended by https://cfconventions.org

cdm_data_type = Grid
VARIABLES (all of which use the dimensions [time][latitude][longitude]):
no3_max (Maximum Nitrate, MMol' 'M-3)
no3_ltmax (Long-term maximum Nitrate, MMol' 'M-3)
no3_mean (Average Nitrate, MMol' 'M-3)
no3_ltmin (Long-term minimum Nitrate, MMol' 'M-3)
no3_min (Minimum Nitrate, MMol' 'M-3)
no3_range (Range Nitrate, MMol' 'M-3)
no3_sd (Standard deviation Nitrate, MMol' 'M-3)
"
"no3_ssp460_2020_2100_depthsurf";"Bio-Oracle Nitrate [depthSurf] SSP460 2020-2100.";"Uses attributes recommended by https://cfconventions.org

cdm_data_type = Grid
VARIABLES (all of which use the dimensions [time][latitude][longitude]):
no3_max (Maximum Nitrate, MMol' 'M-3)
no3_ltmax (Long-term maximum Nitrate, MMol' 'M-3)
no3_mean (Average Nitrate, MMol' 'M-3)
no3_ltmin (Long-term minimum Nitrate, MMol' 'M-3)
no3_min (Minimum Nitrate, MMol' 'M-3)
no3_range (Range Nitrate, MMol' 'M-3)
no3_sd (Standard deviation Nitrate, MMol' 'M-3)
"
"no3_ssp585_2020_2100_depthsurf";"Bio-Oracle Nitrate [depthSurf] SSP585 2020-2100.";"Uses attributes recommended by https://cfconventions.org

cdm_data_type = Grid
VARIABLES (all of which use the dimensions [time][latitude][longitude]):
no3_max (Maximum Nitrate, MMol' 'M-3)
no3_ltmax (Long-term maximum Nitrate, MMol' 'M-3)
no3_mean (Average Nitrate, MMol' 'M-3)
no3_ltmin (Long-term minimum Nitrate, MMol' 'M-3)
no3_min (Minimum Nitrate, MMol' 'M-3)
no3_range (Range Nitrate, MMol' 'M-3)
no3_sd (Standard deviation Nitrate, MMol' 'M-3)
"
"thetao_baseline_2000_2019_depthmax";"Bio-Oracle OceanTemperature [depthMax] Baseline 2000-2019.";"Uses attributes recommended by https://cfconventions.org

cdm_data_type = Grid
VARIABLES (all of which use the dimensions [time][latitude][longitude]):
thetao_max (Maximum OceanTemperature, degree_C)
thetao_ltmax (Long-term maximum OceanTemperature, degree_C)
thetao_mean (Average OceanTemperature, degree_C)
thetao_ltmin (Long-term minimum OceanTemperature, degree_C)
thetao_min (Minimum OceanTemperature, degree_C)
thetao_range (Range OceanTemperature, degree_C)
"
"thetao_ssp119_2020_2100_depthmax";"Bio-Oracle OceanTemperature [depthMax] SSP119 2020-2100.";"Uses attributes recommended by https://cfconventions.org

cdm_data_type = Grid
VARIABLES (all of which use the dimensions [time][latitude][longitude]):
thetao_max (Maximum OceanTemperature, degree_C)
thetao_ltmax (Long-term maximum OceanTemperature, degree_C)
thetao_mean (Average OceanTemperature, degree_C)
thetao_ltmin (Long-term minimum OceanTemperature, degree_C)
thetao_min (Minimum OceanTemperature, degree_C)
thetao_range (Range OceanTemperature, degree_C)
thetao_sd (Standard deviation OceanTemperature, degree_C)
"
"thetao_ssp126_2020_2100_depthmax";"Bio-Oracle OceanTemperature [depthMax] SSP126 2020-2100.";"Uses attributes recommended by https://cfconventions.org

cdm_data_type = Grid
VARIABLES (all of which use the dimensions [time][latitude][longitude]):
thetao_max (Maximum OceanTemperature, degree_C)
thetao_ltmax (Long-term maximum OceanTemperature, degree_C)
thetao_mean (Average OceanTemperature, degree_C)
thetao_ltmin (Long-term minimum OceanTemperature, degree_C)
thetao_min (Minimum OceanTemperature, degree_C)
thetao_range (Range OceanTemperature, degree_C)
thetao_sd (Standard deviation OceanTemperature, degree_C)
"
"thetao_ssp245_2020_2100_depthmax";"Bio-Oracle OceanTemperature [depthMax] SSP245 2020-2100.";"Uses attributes recommended by https://cfconventions.org

cdm_data_type = Grid
VARIABLES (all of which use the dimensions [time][latitude][longitude]):
thetao_max (Maximum OceanTemperature, degree_C)
thetao_ltmax (Long-term maximum OceanTemperature, degree_C)
thetao_mean (Average OceanTemperature, degree_C)
thetao_ltmin (Long-term minimum OceanTemperature, degree_C)
thetao_min (Minimum OceanTemperature, degree_C)
thetao_range (Range OceanTemperature, degree_C)
thetao_sd (Standard deviation OceanTemperature, degree_C)
"
"thetao_ssp370_2020_2100_depthmax";"Bio-Oracle OceanTemperature [depthMax] SSP370 2020-2100.";"Uses attributes recommended by https://cfconventions.org

cdm_data_type = Grid
VARIABLES (all of which use the dimensions [time][latitude][longitude]):
thetao_max (Maximum OceanTemperature, degree_C)
thetao_ltmax (Long-term maximum OceanTemperature, degree_C)
thetao_mean (Average OceanTemperature, degree_C)
thetao_ltmin (Long-term minimum OceanTemperature, degree_C)
thetao_min (Minimum OceanTemperature, degree_C)
thetao_range (Range OceanTemperature, degree_C)
thetao_sd (Standard deviation OceanTemperature, degree_C)
"
"thetao_ssp460_2020_2100_depthmax";"Bio-Oracle OceanTemperature [depthMax] SSP460 2020-2100.";"Uses attributes recommended by https://cfconventions.org

cdm_data_type = Grid
VARIABLES (all of which use the dimensions [time][latitude][longitude]):
thetao_max (Maximum OceanTemperature, degree_C)
thetao_ltmax (Long-term maximum OceanTemperature, degree_C)
thetao_mean (Average OceanTemperature, degree_C)
thetao_ltmin (Long-term minimum OceanTemperature, degree_C)
thetao_min (Minimum OceanTemperature, degree_C)
thetao_range (Range OceanTemperature, degree_C)
thetao_sd (Standard deviation OceanTemperature, degree_C)
"
"thetao_ssp585_2020_2100_depthmax";"Bio-Oracle OceanTemperature [depthMax] SSP585 2020-2100.";"Uses attributes recommended by https://cfconventions.org

cdm_data_type = Grid
VARIABLES (all of which use the dimensions [time][latitude][longitude]):
thetao_max (Maximum OceanTemperature, degree_C)
thetao_ltmax (Long-term maximum OceanTemperature, degree_C)
thetao_mean (Average OceanTemperature, degree_C)
thetao_ltmin (Long-term minimum OceanTemperature, degree_C)
thetao_min (Minimum OceanTemperature, degree_C)
thetao_range (Range OceanTemperature, degree_C)
thetao_sd (Standard deviation OceanTemperature, degree_C)
"
"thetao_baseline_2000_2019_depthmean";"Bio-Oracle OceanTemperature [depthMean] Baseline 2000-2019.";"Uses attributes recommended by https://cfconventions.org

cdm_data_type = Grid
VARIABLES (all of which use the dimensions [time][latitude][longitude]):
thetao_max (Maximum OceanTemperature, degree_C)
thetao_ltmax (Long-term maximum OceanTemperature, degree_C)
thetao_mean (Average OceanTemperature, degree_C)
thetao_ltmin (Long-term minimum OceanTemperature, degree_C)
thetao_min (Minimum OceanTemperature, degree_C)
thetao_range (Range OceanTemperature, degree_C)
"
"thetao_ssp119_2020_2100_depthmean";"Bio-Oracle OceanTemperature [depthMean] SSP119 2020-2100.";"Uses attributes recommended by https://cfconventions.org

cdm_data_type = Grid
VARIABLES (all of which use the dimensions [time][latitude][longitude]):
thetao_max (Maximum OceanTemperature, degree_C)
thetao_ltmax (Long-term maximum OceanTemperature, degree_C)
thetao_mean (Average OceanTemperature, degree_C)
thetao_ltmin (Long-term minimum OceanTemperature, degree_C)
thetao_min (Minimum OceanTemperature, degree_C)
thetao_range (Range OceanTemperature, degree_C)
thetao_sd (Standard deviation OceanTemperature, degree_C)
"
"thetao_ssp126_2020_2100_depthmean";"Bio-Oracle OceanTemperature [depthMean] SSP126 2020-2100.";"Uses attributes recommended by https://cfconventions.org

cdm_data_type = Grid
VARIABLES (all of which use the dimensions [time][latitude][longitude]):
thetao_max (Maximum OceanTemperature, degree_C)
thetao_ltmax (Long-term maximum OceanTemperature, degree_C)
thetao_mean (Average OceanTemperature, degree_C)
thetao_ltmin (Long-term minimum OceanTemperature, degree_C)
thetao_min (Minimum OceanTemperature, degree_C)
thetao_range (Range OceanTemperature, degree_C)
thetao_sd (Standard deviation OceanTemperature, degree_C)
"
"thetao_ssp245_2020_2100_depthmean";"Bio-Oracle OceanTemperature [depthMean] SSP245 2020-2100.";"Uses attributes recommended by https://cfconventions.org

cdm_data_type = Grid
VARIABLES (all of which use the dimensions [time][latitude][longitude]):
thetao_max (Maximum OceanTemperature, degree_C)
thetao_ltmax (Long-term maximum OceanTemperature, degree_C)
thetao_mean (Average OceanTemperature, degree_C)
thetao_ltmin (Long-term minimum OceanTemperature, degree_C)
thetao_min (Minimum OceanTemperature, degree_C)
thetao_range (Range OceanTemperature, degree_C)
thetao_sd (Standard deviation OceanTemperature, degree_C)
"
"thetao_ssp370_2020_2100_depthmean";"Bio-Oracle OceanTemperature [depthMean] SSP370 2020-2100.";"Uses attributes recommended by https://cfconventions.org

cdm_data_type = Grid
VARIABLES (all of which use the dimensions [time][latitude][longitude]):
thetao_max (Maximum OceanTemperature, degree_C)
thetao_ltmax (Long-term maximum OceanTemperature, degree_C)
thetao_mean (Average OceanTemperature, degree_C)
thetao_ltmin (Long-term minimum OceanTemperature, degree_C)
thetao_min (Minimum OceanTemperature, degree_C)
thetao_range (Range OceanTemperature, degree_C)
thetao_sd (Standard deviation OceanTemperature, degree_C)
"
"thetao_ssp460_2020_2100_depthmean";"Bio-Oracle OceanTemperature [depthMean] SSP460 2020-2100.";"Uses attributes recommended by https://cfconventions.org

cdm_data_type = Grid
VARIABLES (all of which use the dimensions [time][latitude][longitude]):
thetao_max (Maximum OceanTemperature, degree_C)
thetao_ltmax (Long-term maximum OceanTemperature, degree_C)
thetao_mean (Average OceanTemperature, degree_C)
thetao_ltmin (Long-term minimum OceanTemperature, degree_C)
thetao_min (Minimum OceanTemperature, degree_C)
thetao_range (Range OceanTemperature, degree_C)
thetao_sd (Standard deviation OceanTemperature, degree_C)
"
"thetao_ssp585_2020_2100_depthmean";"Bio-Oracle OceanTemperature [depthMean] SSP585 2020-2100.";"Uses attributes recommended by https://cfconventions.org

cdm_data_type = Grid
VARIABLES (all of which use the dimensions [time][latitude][longitude]):
thetao_max (Maximum OceanTemperature, degree_C)
thetao_ltmax (Long-term maximum OceanTemperature, degree_C)
thetao_mean (Average OceanTemperature, degree_C)
thetao_ltmin (Long-term minimum OceanTemperature, degree_C)
thetao_min (Minimum OceanTemperature, degree_C)
thetao_range (Range OceanTemperature, degree_C)
thetao_sd (Standard deviation OceanTemperature, degree_C)
"
"thetao_baseline_2000_2019_depthmin";"Bio-Oracle OceanTemperature [depthMin] Baseline 2000-2019.";"Uses attributes recommended by https://cfconventions.org

cdm_data_type = Grid
VARIABLES (all of which use the dimensions [time][latitude][longitude]):
thetao_max (Maximum OceanTemperature, degree_C)
thetao_ltmax (Long-term maximum OceanTemperature, degree_C)
thetao_mean (Average OceanTemperature, degree_C)
thetao_ltmin (Long-term minimum OceanTemperature, degree_C)
thetao_min (Minimum OceanTemperature, degree_C)
thetao_range (Range OceanTemperature, degree_C)
"
"thetao_ssp119_2020_2100_depthmin";"Bio-Oracle OceanTemperature [depthMin] SSP119 2020-2100.";"Uses attributes recommended by https://cfconventions.org

cdm_data_type = Grid
VARIABLES (all of which use the dimensions [time][latitude][longitude]):
thetao_max (Maximum OceanTemperature, degree_C)
thetao_ltmax (Long-term maximum OceanTemperature, degree_C)
thetao_mean (Average OceanTemperature, degree_C)
thetao_ltmin (Long-term minimum OceanTemperature, degree_C)
thetao_min (Minimum OceanTemperature, degree_C)
thetao_range (Range OceanTemperature, degree_C)
thetao_sd (Standard deviation OceanTemperature, degree_C)
"
"thetao_ssp126_2020_2100_depthmin";"Bio-Oracle OceanTemperature [depthMin] SSP126 2020-2100.";"Uses attributes recommended by https://cfconventions.org

cdm_data_type = Grid
VARIABLES (all of which use the dimensions [time][latitude][longitude]):
thetao_max (Maximum OceanTemperature, degree_C)
thetao_ltmax (Long-term maximum OceanTemperature, degree_C)
thetao_mean (Average OceanTemperature, degree_C)
thetao_ltmin (Long-term minimum OceanTemperature, degree_C)
thetao_min (Minimum OceanTemperature, degree_C)
thetao_range (Range OceanTemperature, degree_C)
thetao_sd (Standard deviation OceanTemperature, degree_C)
"
"thetao_ssp245_2020_2100_depthmin";"Bio-Oracle OceanTemperature [depthMin] SSP245 2020-2100.";"Uses attributes recommended by https://cfconventions.org

cdm_data_type = Grid
VARIABLES (all of which use the dimensions [time][latitude][longitude]):
thetao_max (Maximum OceanTemperature, degree_C)
thetao_ltmax (Long-term maximum OceanTemperature, degree_C)
thetao_mean (Average OceanTemperature, degree_C)
thetao_ltmin (Long-term minimum OceanTemperature, degree_C)
thetao_min (Minimum OceanTemperature, degree_C)
thetao_range (Range OceanTemperature, degree_C)
thetao_sd (Standard deviation OceanTemperature, degree_C)
"
"thetao_ssp370_2020_2100_depthmin";"Bio-Oracle OceanTemperature [depthMin] SSP370 2020-2100.";"Uses attributes recommended by https://cfconventions.org

cdm_data_type = Grid
VARIABLES (all of which use the dimensions [time][latitude][longitude]):
thetao_max (Maximum OceanTemperature, degree_C)
thetao_ltmax (Long-term maximum OceanTemperature, degree_C)
thetao_mean (Average OceanTemperature, degree_C)
thetao_ltmin (Long-term minimum OceanTemperature, degree_C)
thetao_min (Minimum OceanTemperature, degree_C)
thetao_range (Range OceanTemperature, degree_C)
thetao_sd (Standard deviation OceanTemperature, degree_C)
"
"thetao_ssp460_2020_2100_depthmin";"Bio-Oracle OceanTemperature [depthMin] SSP460 2020-2100.";"Uses attributes recommended by https://cfconventions.org

cdm_data_type = Grid
VARIABLES (all of which use the dimensions [time][latitude][longitude]):
thetao_max (Maximum OceanTemperature, degree_C)
thetao_ltmax (Long-term maximum OceanTemperature, degree_C)
thetao_mean (Average OceanTemperature, degree_C)
thetao_ltmin (Long-term minimum OceanTemperature, degree_C)
thetao_min (Minimum OceanTemperature, degree_C)
thetao_range (Range OceanTemperature, degree_C)
thetao_sd (Standard deviation OceanTemperature, degree_C)
"
"thetao_ssp585_2020_2100_depthmin";"Bio-Oracle OceanTemperature [depthMin] SSP585 2020-2100.";"Uses attributes recommended by https://cfconventions.org

cdm_data_type = Grid
VARIABLES (all of which use the dimensions [time][latitude][longitude]):
thetao_max (Maximum OceanTemperature, degree_C)
thetao_ltmax (Long-term maximum OceanTemperature, degree_C)
thetao_mean (Average OceanTemperature, degree_C)
thetao_ltmin (Long-term minimum OceanTemperature, degree_C)
thetao_min (Minimum OceanTemperature, degree_C)
thetao_range (Range OceanTemperature, degree_C)
thetao_sd (Standard deviation OceanTemperature, degree_C)
"
"thetao_baseline_2000_2019_depthsurf";"Bio-Oracle OceanTemperature [depthSurf] Baseline 2000-2019.";"Uses attributes recommended by https://cfconventions.org

cdm_data_type = Grid
VARIABLES (all of which use the dimensions [time][latitude][longitude]):
thetao_max (Maximum OceanTemperature, degree_C)
thetao_ltmax (Long-term maximum OceanTemperature, degree_C)
thetao_mean (Average OceanTemperature, degree_C)
thetao_ltmin (Long-term minimum OceanTemperature, degree_C)
thetao_min (Minimum OceanTemperature, degree_C)
thetao_range (Range OceanTemperature, degree_C)
"
"thetao_ssp119_2020_2100_depthsurf";"Bio-Oracle OceanTemperature [depthSurf] SSP119 2020-2100.";"Uses attributes recommended by https://cfconventions.org

cdm_data_type = Grid
VARIABLES (all of which use the dimensions [time][latitude][longitude]):
thetao_max (Maximum OceanTemperature, degree_C)
thetao_ltmax (Long-term maximum OceanTemperature, degree_C)
thetao_mean (Average OceanTemperature, degree_C)
thetao_ltmin (Long-term minimum OceanTemperature, degree_C)
thetao_min (Minimum OceanTemperature, degree_C)
thetao_range (Range OceanTemperature, degree_C)
thetao_sd (Standard deviation OceanTemperature, degree_C)
"
"thetao_ssp126_2020_2100_depthsurf";"Bio-Oracle OceanTemperature [depthSurf] SSP126 2020-2100.";"Uses attributes recommended by https://cfconventions.org

cdm_data_type = Grid
VARIABLES (all of which use the dimensions [time][latitude][longitude]):
thetao_max (Maximum OceanTemperature, degree_C)
thetao_ltmax (Long-term maximum OceanTemperature, degree_C)
thetao_mean (Average OceanTemperature, degree_C)
thetao_ltmin (Long-term minimum OceanTemperature, degree_C)
thetao_min (Minimum OceanTemperature, degree_C)
thetao_range (Range OceanTemperature, degree_C)
thetao_sd (Standard deviation OceanTemperature, degree_C)
"
"thetao_ssp245_2020_2100_depthsurf";"Bio-Oracle OceanTemperature [depthSurf] SSP245 2020-2100.";"Uses attributes recommended by https://cfconventions.org

cdm_data_type = Grid
VARIABLES (all of which use the dimensions [time][latitude][longitude]):
thetao_max (Maximum OceanTemperature, degree_C)
thetao_ltmax (Long-term maximum OceanTemperature, degree_C)
thetao_mean (Average OceanTemperature, degree_C)
thetao_ltmin (Long-term minimum OceanTemperature, degree_C)
thetao_min (Minimum OceanTemperature, degree_C)
thetao_range (Range OceanTemperature, degree_C)
thetao_sd (Standard deviation OceanTemperature, degree_C)
"
"thetao_ssp370_2020_2100_depthsurf";"Bio-Oracle OceanTemperature [depthSurf] SSP370 2020-2100.";"Uses attributes recommended by https://cfconventions.org

cdm_data_type = Grid
VARIABLES (all of which use the dimensions [time][latitude][longitude]):
thetao_max (Maximum OceanTemperature, degree_C)
thetao_ltmax (Long-term maximum OceanTemperature, degree_C)
thetao_mean (Average OceanTemperature, degree_C)
thetao_ltmin (Long-term minimum OceanTemperature, degree_C)
thetao_min (Minimum OceanTemperature, degree_C)
thetao_range (Range OceanTemperature, degree_C)
thetao_sd (Standard deviation OceanTemperature, degree_C)
"
"thetao_ssp460_2020_2100_depthsurf";"Bio-Oracle OceanTemperature [depthSurf] SSP460 2020-2100.";"Uses attributes recommended by https://cfconventions.org

cdm_data_type = Grid
VARIABLES (all of which use the dimensions [time][latitude][longitude]):
thetao_max (Maximum OceanTemperature, degree_C)
thetao_ltmax (Long-term maximum OceanTemperature, degree_C)
thetao_mean (Average OceanTemperature, degree_C)
thetao_ltmin (Long-term minimum OceanTemperature, degree_C)
thetao_min (Minimum OceanTemperature, degree_C)
thetao_range (Range OceanTemperature, degree_C)
thetao_sd (Standard deviation OceanTemperature, degree_C)
"
"thetao_ssp585_2020_2100_depthsurf";"Bio-Oracle OceanTemperature [depthSurf] SSP585 2020-2100.";"Uses attributes recommended by https://cfconventions.org

cdm_data_type = Grid
VARIABLES (all of which use the dimensions [time][latitude][longitude]):
thetao_max (Maximum OceanTemperature, degree_C)
thetao_ltmax (Long-term maximum OceanTemperature, degree_C)
thetao_mean (Average OceanTemperature, degree_C)
thetao_ltmin (Long-term minimum OceanTemperature, degree_C)
thetao_min (Minimum OceanTemperature, degree_C)
thetao_range (Range OceanTemperature, degree_C)
thetao_sd (Standard deviation OceanTemperature, degree_C)
"
"ph_baseline_2000_2018_depthmax";"Bio-Oracle pH [depthMax] Baseline 2000-2018.";"Uses attributes recommended by https://cfconventions.org

cdm_data_type = Grid
VARIABLES (all of which use the dimensions [time][latitude][longitude]):
ph_max (Maximum pH, 1)
ph_ltmax (Long-term maximum pH, 1)
ph_mean (Average pH, 1)
ph_ltmin (Long-term minimum pH, 1)
ph_min (Minimum pH, 1)
ph_range (1)
"
"ph_ssp119_2020_2100_depthmax";"Bio-Oracle pH [depthMax] SSP119 2020-2100.";"Uses attributes recommended by https://cfconventions.org

cdm_data_type = Grid
VARIABLES (all of which use the dimensions [time][latitude][longitude]):
ph_max (Maximum pH, 1)
ph_ltmax (Long-term maximum pH, 1)
ph_mean (Average pH, 1)
ph_ltmin (Long-term minimum pH, 1)
ph_min (Minimum pH, 1)
ph_range (1)
ph_sd (Standard deviation pH, 1)
"
"ph_ssp126_2020_2100_depthmax";"Bio-Oracle pH [depthMax] SSP126 2020-2100.";"Uses attributes recommended by https://cfconventions.org

cdm_data_type = Grid
VARIABLES (all of which use the dimensions [time][latitude][longitude]):
ph_max (Maximum pH, 1)
ph_ltmax (Long-term maximum pH, 1)
ph_mean (Average pH, 1)
ph_ltmin (Long-term minimum pH, 1)
ph_min (Minimum pH, 1)
ph_range (1)
ph_sd (Standard deviation pH, 1)
"
"ph_ssp245_2020_2100_depthmax";"Bio-Oracle pH [depthMax] SSP245 2020-2100.";"Uses attributes recommended by https://cfconventions.org

cdm_data_type = Grid
VARIABLES (all of which use the dimensions [time][latitude][longitude]):
ph_max (Maximum pH, 1)
ph_ltmax (Long-term maximum pH, 1)
ph_mean (Average pH, 1)
ph_ltmin (Long-term minimum pH, 1)
ph_min (Minimum pH, 1)
ph_range (1)
ph_sd (Standard deviation pH, 1)
"
"ph_ssp370_2020_2100_depthmax";"Bio-Oracle pH [depthMax] SSP370 2020-2100.";"Uses attributes recommended by https://cfconventions.org

cdm_data_type = Grid
VARIABLES (all of which use the dimensions [time][latitude][longitude]):
ph_max (Maximum pH, 1)
ph_ltmax (Long-term maximum pH, 1)
ph_mean (Average pH, 1)
ph_ltmin (Long-term minimum pH, 1)
ph_min (Minimum pH, 1)
ph_range (1)
ph_sd (Standard deviation pH, 1)
"
"ph_ssp460_2020_2100_depthmax";"Bio-Oracle pH [depthMax] SSP460 2020-2100.";"Uses attributes recommended by https://cfconventions.org

cdm_data_type = Grid
VARIABLES (all of which use the dimensions [time][latitude][longitude]):
ph_max (Maximum pH, 1)
ph_ltmax (Long-term maximum pH, 1)
ph_mean (Average pH, 1)
ph_ltmin (Long-term minimum pH, 1)
ph_min (Minimum pH, 1)
ph_range (1)
ph_sd (Standard deviation pH, 1)
"
"ph_ssp585_2020_2100_depthmax";"Bio-Oracle pH [depthMax] SSP585 2020-2100.";"Uses attributes recommended by https://cfconventions.org

cdm_data_type = Grid
VARIABLES (all of which use the dimensions [time][latitude][longitude]):
ph_max (Maximum pH, 1)
ph_ltmax (Long-term maximum pH, 1)
ph_mean (Average pH, 1)
ph_ltmin (Long-term minimum pH, 1)
ph_min (Minimum pH, 1)
ph_range (1)
ph_sd (Standard deviation pH, 1)
"
"ph_baseline_2000_2018_depthmean";"Bio-Oracle pH [depthMean] Baseline 2000-2018.";"Uses attributes recommended by https://cfconventions.org

cdm_data_type = Grid
VARIABLES (all of which use the dimensions [time][latitude][longitude]):
ph_max (Maximum pH, 1)
ph_ltmax (Long-term maximum pH, 1)
ph_mean (Average pH, 1)
ph_ltmin (Long-term minimum pH, 1)
ph_min (Minimum pH, 1)
ph_range (1)
"
"ph_ssp119_2020_2100_depthmean";"Bio-Oracle pH [depthMean] SSP119 2020-2100.";"Uses attributes recommended by https://cfconventions.org

cdm_data_type = Grid
VARIABLES (all of which use the dimensions [time][latitude][longitude]):
ph_max (Maximum pH, 1)
ph_ltmax (Long-term maximum pH, 1)
ph_mean (Average pH, 1)
ph_ltmin (Long-term minimum pH, 1)
ph_min (Minimum pH, 1)
ph_range (1)
ph_sd (Standard deviation pH, 1)
"
"ph_ssp126_2020_2100_depthmean";"Bio-Oracle pH [depthMean] SSP126 2020-2100.";"Uses attributes recommended by https://cfconventions.org

cdm_data_type = Grid
VARIABLES (all of which use the dimensions [time][latitude][longitude]):
ph_max (Maximum pH, 1)
ph_ltmax (Long-term maximum pH, 1)
ph_mean (Average pH, 1)
ph_ltmin (Long-term minimum pH, 1)
ph_min (Minimum pH, 1)
ph_range (1)
ph_sd (Standard deviation pH, 1)
"
"ph_ssp245_2020_2100_depthmean";"Bio-Oracle pH [depthMean] SSP245 2020-2100.";"Uses attributes recommended by https://cfconventions.org

cdm_data_type = Grid
VARIABLES (all of which use the dimensions [time][latitude][longitude]):
ph_max (Maximum pH, 1)
ph_ltmax (Long-term maximum pH, 1)
ph_mean (Average pH, 1)
ph_ltmin (Long-term minimum pH, 1)
ph_min (Minimum pH, 1)
ph_range (1)
ph_sd (Standard deviation pH, 1)
"
"ph_ssp370_2020_2100_depthmean";"Bio-Oracle pH [depthMean] SSP370 2020-2100.";"Uses attributes recommended by https://cfconventions.org

cdm_data_type = Grid
VARIABLES (all of which use the dimensions [time][latitude][longitude]):
ph_max (Maximum pH, 1)
ph_ltmax (Long-term maximum pH, 1)
ph_mean (Average pH, 1)
ph_ltmin (Long-term minimum pH, 1)
ph_min (Minimum pH, 1)
ph_range (1)
ph_sd (Standard deviation pH, 1)
"
"ph_ssp460_2020_2100_depthmean";"Bio-Oracle pH [depthMean] SSP460 2020-2100.";"Uses attributes recommended by https://cfconventions.org

cdm_data_type = Grid
VARIABLES (all of which use the dimensions [time][latitude][longitude]):
ph_max (Maximum pH, 1)
ph_ltmax (Long-term maximum pH, 1)
ph_mean (Average pH, 1)
ph_ltmin (Long-term minimum pH, 1)
ph_min (Minimum pH, 1)
ph_range (1)
ph_sd (Standard deviation pH, 1)
"
"ph_ssp585_2020_2100_depthmean";"Bio-Oracle pH [depthMean] SSP585 2020-2100.";"Uses attributes recommended by https://cfconventions.org

cdm_data_type = Grid
VARIABLES (all of which use the dimensions [time][latitude][longitude]):
ph_max (Maximum pH, 1)
ph_ltmax (Long-term maximum pH, 1)
ph_mean (Average pH, 1)
ph_ltmin (Long-term minimum pH, 1)
ph_min (Minimum pH, 1)
ph_range (1)
ph_sd (Standard deviation pH, 1)
"
"ph_baseline_2000_2018_depthmin";"Bio-Oracle pH [depthMin] Baseline 2000-2018.";"Uses attributes recommended by https://cfconventions.org

cdm_data_type = Grid
VARIABLES (all of which use the dimensions [time][latitude][longitude]):
ph_max (Maximum pH, 1)
ph_ltmax (Long-term maximum pH, 1)
ph_mean (Average pH, 1)
ph_ltmin (Long-term minimum pH, 1)
ph_min (Minimum pH, 1)
ph_range (1)
"
"ph_ssp119_2020_2100_depthmin";"Bio-Oracle pH [depthMin] SSP119 2020-2100.";"Uses attributes recommended by https://cfconventions.org

cdm_data_type = Grid
VARIABLES (all of which use the dimensions [time][latitude][longitude]):
ph_max (Maximum pH, 1)
ph_ltmax (Long-term maximum pH, 1)
ph_mean (Average pH, 1)
ph_ltmin (Long-term minimum pH, 1)
ph_min (Minimum pH, 1)
ph_range (1)
ph_sd (Standard deviation pH, 1)
"
"ph_ssp126_2020_2100_depthmin";"Bio-Oracle pH [depthMin] SSP126 2020-2100.";"Uses attributes recommended by https://cfconventions.org

cdm_data_type = Grid
VARIABLES (all of which use the dimensions [time][latitude][longitude]):
ph_max (Maximum pH, 1)
ph_ltmax (Long-term maximum pH, 1)
ph_mean (Average pH, 1)
ph_ltmin (Long-term minimum pH, 1)
ph_min (Minimum pH, 1)
ph_range (1)
ph_sd (Standard deviation pH, 1)
"
"ph_ssp245_2020_2100_depthmin";"Bio-Oracle pH [depthMin] SSP245 2020-2100.";"Uses attributes recommended by https://cfconventions.org

cdm_data_type = Grid
VARIABLES (all of which use the dimensions [time][latitude][longitude]):
ph_max (Maximum pH, 1)
ph_ltmax (Long-term maximum pH, 1)
ph_mean (Average pH, 1)
ph_ltmin (Long-term minimum pH, 1)
ph_min (Minimum pH, 1)
ph_range (1)
ph_sd (Standard deviation pH, 1)
"
"ph_ssp370_2020_2100_depthmin";"Bio-Oracle pH [depthMin] SSP370 2020-2100.";"Uses attributes recommended by https://cfconventions.org

cdm_data_type = Grid
VARIABLES (all of which use the dimensions [time][latitude][longitude]):
ph_max (Maximum pH, 1)
ph_ltmax (Long-term maximum pH, 1)
ph_mean (Average pH, 1)
ph_ltmin (Long-term minimum pH, 1)
ph_min (Minimum pH, 1)
ph_range (1)
ph_sd (Standard deviation pH, 1)
"
"ph_ssp460_2020_2100_depthmin";"Bio-Oracle pH [depthMin] SSP460 2020-2100.";"Uses attributes recommended by https://cfconventions.org

cdm_data_type = Grid
VARIABLES (all of which use the dimensions [time][latitude][longitude]):
ph_max (Maximum pH, 1)
ph_ltmax (Long-term maximum pH, 1)
ph_mean (Average pH, 1)
ph_ltmin (Long-term minimum pH, 1)
ph_min (Minimum pH, 1)
ph_range (1)
ph_sd (Standard deviation pH, 1)
"
"ph_ssp585_2020_2100_depthmin";"Bio-Oracle pH [depthMin] SSP585 2020-2100.";"Uses attributes recommended by https://cfconventions.org

cdm_data_type = Grid
VARIABLES (all of which use the dimensions [time][latitude][longitude]):
ph_max (Maximum pH, 1)
ph_ltmax (Long-term maximum pH, 1)
ph_mean (Average pH, 1)
ph_ltmin (Long-term minimum pH, 1)
ph_min (Minimum pH, 1)
ph_range (1)
ph_sd (Standard deviation pH, 1)
"
"ph_baseline_2000_2018_depthsurf";"Bio-Oracle pH [depthSurf] Baseline 2000-2018.";"Uses attributes recommended by https://cfconventions.org

cdm_data_type = Grid
VARIABLES (all of which use the dimensions [time][latitude][longitude]):
ph_max (Maximum pH, 1)
ph_ltmax (Long-term maximum pH, 1)
ph_mean (Average pH, 1)
ph_ltmin (Long-term minimum pH, 1)
ph_min (Minimum pH, 1)
ph_range (1)
"
"ph_ssp119_2020_2100_depthsurf";"Bio-Oracle pH [depthSurf] SSP119 2020-2100.";"Uses attributes recommended by https://cfconventions.org

cdm_data_type = Grid
VARIABLES (all of which use the dimensions [time][latitude][longitude]):
ph_max (Maximum pH, 1)
ph_ltmax (Long-term maximum pH, 1)
ph_mean (Average pH, 1)
ph_ltmin (Long-term minimum pH, 1)
ph_min (Minimum pH, 1)
ph_range (1)
ph_sd (Standard deviation pH, 1)
"
"ph_ssp126_2020_2100_depthsurf";"Bio-Oracle pH [depthSurf] SSP126 2020-2100.";"Uses attributes recommended by https://cfconventions.org

cdm_data_type = Grid
VARIABLES (all of which use the dimensions [time][latitude][longitude]):
ph_max (Maximum pH, 1)
ph_ltmax (Long-term maximum pH, 1)
ph_mean (Average pH, 1)
ph_ltmin (Long-term minimum pH, 1)
ph_min (Minimum pH, 1)
ph_range (1)
ph_sd (Standard deviation pH, 1)
"
"ph_ssp245_2020_2100_depthsurf";"Bio-Oracle pH [depthSurf] SSP245 2020-2100.";"Uses attributes recommended by https://cfconventions.org

cdm_data_type = Grid
VARIABLES (all of which use the dimensions [time][latitude][longitude]):
ph_max (Maximum pH, 1)
ph_ltmax (Long-term maximum pH, 1)
ph_mean (Average pH, 1)
ph_ltmin (Long-term minimum pH, 1)
ph_min (Minimum pH, 1)
ph_range (1)
ph_sd (Standard deviation pH, 1)
"
"ph_ssp370_2020_2100_depthsurf";"Bio-Oracle pH [depthSurf] SSP370 2020-2100.";"Uses attributes recommended by https://cfconventions.org

cdm_data_type = Grid
VARIABLES (all of which use the dimensions [time][latitude][longitude]):
ph_max (Maximum pH, 1)
ph_ltmax (Long-term maximum pH, 1)
ph_mean (Average pH, 1)
ph_ltmin (Long-term minimum pH, 1)
ph_min (Minimum pH, 1)
ph_range (1)
ph_sd (Standard deviation pH, 1)
"
"ph_ssp460_2020_2100_depthsurf";"Bio-Oracle pH [depthSurf] SSP460 2020-2100.";"Uses attributes recommended by https://cfconventions.org

cdm_data_type = Grid
VARIABLES (all of which use the dimensions [time][latitude][longitude]):
ph_max (Maximum pH, 1)
ph_ltmax (Long-term maximum pH, 1)
ph_mean (Average pH, 1)
ph_ltmin (Long-term minimum pH, 1)
ph_min (Minimum pH, 1)
ph_range (1)
ph_sd (Standard deviation pH, 1)
"
"ph_ssp585_2020_2100_depthsurf";"Bio-Oracle pH [depthSurf] SSP585 2020-2100.";"Uses attributes recommended by https://cfconventions.org

cdm_data_type = Grid
VARIABLES (all of which use the dimensions [time][latitude][longitude]):
ph_max (Maximum pH, 1)
ph_ltmax (Long-term maximum pH, 1)
ph_mean (Average pH, 1)
ph_ltmin (Long-term minimum pH, 1)
ph_min (Minimum pH, 1)
ph_range (1)
ph_sd (Standard deviation pH, 1)
"
"po4_baseline_2000_2018_depthmax";"Bio-Oracle Phosphate [depthMax] Baseline 2000-2018.";"Uses attributes recommended by https://cfconventions.org

cdm_data_type = Grid
VARIABLES (all of which use the dimensions [time][latitude][longitude]):
po4_max (Maximum Phosphate, MMol' 'M-3)
po4_ltmax (Long-term maximum Phosphate, MMol' 'M-3)
po4_mean (Average Phosphate, MMol' 'M-3)
po4_ltmin (Long-term minimum Phosphate, MMol' 'M-3)
po4_min (Minimum Phosphate, MMol' 'M-3)
po4_range (Range Phosphate, MMol' 'M-3)
"
"po4_ssp119_2020_2100_depthmax";"Bio-Oracle Phosphate [depthMax] SSP119 2020-2100.";"Uses attributes recommended by https://cfconventions.org

cdm_data_type = Grid
VARIABLES (all of which use the dimensions [time][latitude][longitude]):
po4_max (Maximum Phosphate, MMol' 'M-3)
po4_ltmax (Long-term maximum Phosphate, MMol' 'M-3)
po4_mean (Average Phosphate, MMol' 'M-3)
po4_ltmin (Long-term minimum Phosphate, MMol' 'M-3)
po4_min (Minimum Phosphate, MMol' 'M-3)
po4_range (Range Phosphate, MMol' 'M-3)
po4_sd (Standard deviation Phosphate, MMol' 'M-3)
"
"po4_ssp126_2020_2100_depthmax";"Bio-Oracle Phosphate [depthMax] SSP126 2020-2100.";"Uses attributes recommended by https://cfconventions.org

cdm_data_type = Grid
VARIABLES (all of which use the dimensions [time][latitude][longitude]):
po4_max (Maximum Phosphate, MMol' 'M-3)
po4_ltmax (Long-term maximum Phosphate, MMol' 'M-3)
po4_mean (Average Phosphate, MMol' 'M-3)
po4_ltmin (Long-term minimum Phosphate, MMol' 'M-3)
po4_min (Minimum Phosphate, MMol' 'M-3)
po4_range (Range Phosphate, MMol' 'M-3)
po4_sd (Standard deviation Phosphate, MMol' 'M-3)
"
"po4_ssp245_2020_2100_depthmax";"Bio-Oracle Phosphate [depthMax] SSP245 2020-2100.";"Uses attributes recommended by https://cfconventions.org

cdm_data_type = Grid
VARIABLES (all of which use the dimensions [time][latitude][longitude]):
po4_max (Maximum Phosphate, MMol' 'M-3)
po4_ltmax (Long-term maximum Phosphate, MMol' 'M-3)
po4_mean (Average Phosphate, MMol' 'M-3)
po4_ltmin (Long-term minimum Phosphate, MMol' 'M-3)
po4_min (Minimum Phosphate, MMol' 'M-3)
po4_range (Range Phosphate, MMol' 'M-3)
po4_sd (Standard deviation Phosphate, MMol' 'M-3)
"
"po4_ssp370_2020_2100_depthmax";"Bio-Oracle Phosphate [depthMax] SSP370 2020-2100.";"Uses attributes recommended by https://cfconventions.org

cdm_data_type = Grid
VARIABLES (all of which use the dimensions [time][latitude][longitude]):
po4_max (Maximum Phosphate, MMol' 'M-3)
po4_ltmax (Long-term maximum Phosphate, MMol' 'M-3)
po4_mean (Average Phosphate, MMol' 'M-3)
po4_ltmin (Long-term minimum Phosphate, MMol' 'M-3)
po4_min (Minimum Phosphate, MMol' 'M-3)
po4_range (Range Phosphate, MMol' 'M-3)
po4_sd (Standard deviation Phosphate, MMol' 'M-3)
"
"po4_ssp460_2020_2100_depthmax";"Bio-Oracle Phosphate [depthMax] SSP460 2020-2100.";"Uses attributes recommended by https://cfconventions.org

cdm_data_type = Grid
VARIABLES (all of which use the dimensions [time][latitude][longitude]):
po4_max (Maximum Phosphate, MMol' 'M-3)
po4_ltmax (Long-term maximum Phosphate, MMol' 'M-3)
po4_mean (Average Phosphate, MMol' 'M-3)
po4_ltmin (Long-term minimum Phosphate, MMol' 'M-3)
po4_min (Minimum Phosphate, MMol' 'M-3)
po4_range (Range Phosphate, MMol' 'M-3)
po4_sd (Standard deviation Phosphate, MMol' 'M-3)
"
"po4_ssp585_2020_2100_depthmax";"Bio-Oracle Phosphate [depthMax] SSP585 2020-2100.";"Uses attributes recommended by https://cfconventions.org

cdm_data_type = Grid
VARIABLES (all of which use the dimensions [time][latitude][longitude]):
po4_max (Maximum Phosphate, MMol' 'M-3)
po4_ltmax (Long-term maximum Phosphate, MMol' 'M-3)
po4_mean (Average Phosphate, MMol' 'M-3)
po4_ltmin (Long-term minimum Phosphate, MMol' 'M-3)
po4_min (Minimum Phosphate, MMol' 'M-3)
po4_range (Range Phosphate, MMol' 'M-3)
po4_sd (Standard deviation Phosphate, MMol' 'M-3)
"
"po4_baseline_2000_2018_depthmean";"Bio-Oracle Phosphate [depthMean] Baseline 2000-2018.";"Uses attributes recommended by https://cfconventions.org

cdm_data_type = Grid
VARIABLES (all of which use the dimensions [time][latitude][longitude]):
po4_max (Maximum Phosphate, MMol' 'M-3)
po4_ltmax (Long-term maximum Phosphate, MMol' 'M-3)
po4_mean (Average Phosphate, MMol' 'M-3)
po4_ltmin (Long-term minimum Phosphate, MMol' 'M-3)
po4_min (Minimum Phosphate, MMol' 'M-3)
po4_range (Range Phosphate, MMol' 'M-3)
"
"po4_ssp119_2020_2100_depthmean";"Bio-Oracle Phosphate [depthMean] SSP119 2020-2100.";"Uses attributes recommended by https://cfconventions.org

cdm_data_type = Grid
VARIABLES (all of which use the dimensions [time][latitude][longitude]):
po4_max (Maximum Phosphate, MMol' 'M-3)
po4_ltmax (Long-term maximum Phosphate, MMol' 'M-3)
po4_mean (Average Phosphate, MMol' 'M-3)
po4_ltmin (Long-term minimum Phosphate, MMol' 'M-3)
po4_min (Minimum Phosphate, MMol' 'M-3)
po4_range (Range Phosphate, MMol' 'M-3)
po4_sd (Standard deviation Phosphate, MMol' 'M-3)
"
"po4_ssp126_2020_2100_depthmean";"Bio-Oracle Phosphate [depthMean] SSP126 2020-2100.";"Uses attributes recommended by https://cfconventions.org

cdm_data_type = Grid
VARIABLES (all of which use the dimensions [time][latitude][longitude]):
po4_max (Maximum Phosphate, MMol' 'M-3)
po4_ltmax (Long-term maximum Phosphate, MMol' 'M-3)
po4_mean (Average Phosphate, MMol' 'M-3)
po4_ltmin (Long-term minimum Phosphate, MMol' 'M-3)
po4_min (Minimum Phosphate, MMol' 'M-3)
po4_range (Range Phosphate, MMol' 'M-3)
po4_sd (Standard deviation Phosphate, MMol' 'M-3)
"
"po4_ssp245_2020_2100_depthmean";"Bio-Oracle Phosphate [depthMean] SSP245 2020-2100.";"Uses attributes recommended by https://cfconventions.org

cdm_data_type = Grid
VARIABLES (all of which use the dimensions [time][latitude][longitude]):
po4_max (Maximum Phosphate, MMol' 'M-3)
po4_ltmax (Long-term maximum Phosphate, MMol' 'M-3)
po4_mean (Average Phosphate, MMol' 'M-3)
po4_ltmin (Long-term minimum Phosphate, MMol' 'M-3)
po4_min (Minimum Phosphate, MMol' 'M-3)
po4_range (Range Phosphate, MMol' 'M-3)
po4_sd (Standard deviation Phosphate, MMol' 'M-3)
"
"po4_ssp370_2020_2100_depthmean";"Bio-Oracle Phosphate [depthMean] SSP370 2020-2100.";"Uses attributes recommended by https://cfconventions.org

cdm_data_type = Grid
VARIABLES (all of which use the dimensions [time][latitude][longitude]):
po4_max (Maximum Phosphate, MMol' 'M-3)
po4_ltmax (Long-term maximum Phosphate, MMol' 'M-3)
po4_mean (Average Phosphate, MMol' 'M-3)
po4_ltmin (Long-term minimum Phosphate, MMol' 'M-3)
po4_min (Minimum Phosphate, MMol' 'M-3)
po4_range (Range Phosphate, MMol' 'M-3)
po4_sd (Standard deviation Phosphate, MMol' 'M-3)
"
"po4_ssp460_2020_2100_depthmean";"Bio-Oracle Phosphate [depthMean] SSP460 2020-2100.";"Uses attributes recommended by https://cfconventions.org

cdm_data_type = Grid
VARIABLES (all of which use the dimensions [time][latitude][longitude]):
po4_max (Maximum Phosphate, MMol' 'M-3)
po4_ltmax (Long-term maximum Phosphate, MMol' 'M-3)
po4_mean (Average Phosphate, MMol' 'M-3)
po4_ltmin (Long-term minimum Phosphate, MMol' 'M-3)
po4_min (Minimum Phosphate, MMol' 'M-3)
po4_range (Range Phosphate, MMol' 'M-3)
po4_sd (Standard deviation Phosphate, MMol' 'M-3)
"
"po4_ssp585_2020_2100_depthmean";"Bio-Oracle Phosphate [depthMean] SSP585 2020-2100.";"Uses attributes recommended by https://cfconventions.org

cdm_data_type = Grid
VARIABLES (all of which use the dimensions [time][latitude][longitude]):
po4_max (Maximum Phosphate, MMol' 'M-3)
po4_ltmax (Long-term maximum Phosphate, MMol' 'M-3)
po4_mean (Average Phosphate, MMol' 'M-3)
po4_ltmin (Long-term minimum Phosphate, MMol' 'M-3)
po4_min (Minimum Phosphate, MMol' 'M-3)
po4_range (Range Phosphate, MMol' 'M-3)
po4_sd (Standard deviation Phosphate, MMol' 'M-3)
"
"po4_baseline_2000_2018_depthmin";"Bio-Oracle Phosphate [depthMin] Baseline 2000-2018.";"Uses attributes recommended by https://cfconventions.org

cdm_data_type = Grid
VARIABLES (all of which use the dimensions [time][latitude][longitude]):
po4_max (Maximum Phosphate, MMol' 'M-3)
po4_ltmax (Long-term maximum Phosphate, MMol' 'M-3)
po4_mean (Average Phosphate, MMol' 'M-3)
po4_ltmin (Long-term minimum Phosphate, MMol' 'M-3)
po4_min (Minimum Phosphate, MMol' 'M-3)
po4_range (Range Phosphate, MMol' 'M-3)
"
"po4_ssp119_2020_2100_depthmin";"Bio-Oracle Phosphate [depthMin] SSP119 2020-2100.";"Uses attributes recommended by https://cfconventions.org

cdm_data_type = Grid
VARIABLES (all of which use the dimensions [time][latitude][longitude]):
po4_max (Maximum Phosphate, MMol' 'M-3)
po4_ltmax (Long-term maximum Phosphate, MMol' 'M-3)
po4_mean (Average Phosphate, MMol' 'M-3)
po4_ltmin (Long-term minimum Phosphate, MMol' 'M-3)
po4_min (Minimum Phosphate, MMol' 'M-3)
po4_range (Range Phosphate, MMol' 'M-3)
po4_sd (Standard deviation Phosphate, MMol' 'M-3)
"
"po4_ssp126_2020_2100_depthmin";"Bio-Oracle Phosphate [depthMin] SSP126 2020-2100.";"Uses attributes recommended by https://cfconventions.org

cdm_data_type = Grid
VARIABLES (all of which use the dimensions [time][latitude][longitude]):
po4_max (Maximum Phosphate, MMol' 'M-3)
po4_ltmax (Long-term maximum Phosphate, MMol' 'M-3)
po4_mean (Average Phosphate, MMol' 'M-3)
po4_ltmin (Long-term minimum Phosphate, MMol' 'M-3)
po4_min (Minimum Phosphate, MMol' 'M-3)
po4_range (Range Phosphate, MMol' 'M-3)
po4_sd (Standard deviation Phosphate, MMol' 'M-3)
"
"po4_ssp245_2020_2100_depthmin";"Bio-Oracle Phosphate [depthMin] SSP245 2020-2100.";"Uses attributes recommended by https://cfconventions.org

cdm_data_type = Grid
VARIABLES (all of which use the dimensions [time][latitude][longitude]):
po4_max (Maximum Phosphate, MMol' 'M-3)
po4_ltmax (Long-term maximum Phosphate, MMol' 'M-3)
po4_mean (Average Phosphate, MMol' 'M-3)
po4_ltmin (Long-term minimum Phosphate, MMol' 'M-3)
po4_min (Minimum Phosphate, MMol' 'M-3)
po4_range (Range Phosphate, MMol' 'M-3)
po4_sd (Standard deviation Phosphate, MMol' 'M-3)
"
"po4_ssp370_2020_2100_depthmin";"Bio-Oracle Phosphate [depthMin] SSP370 2020-2100.";"Uses attributes recommended by https://cfconventions.org

cdm_data_type = Grid
VARIABLES (all of which use the dimensions [time][latitude][longitude]):
po4_max (Maximum Phosphate, MMol' 'M-3)
po4_ltmax (Long-term maximum Phosphate, MMol' 'M-3)
po4_mean (Average Phosphate, MMol' 'M-3)
po4_ltmin (Long-term minimum Phosphate, MMol' 'M-3)
po4_min (Minimum Phosphate, MMol' 'M-3)
po4_range (Range Phosphate, MMol' 'M-3)
po4_sd (Standard deviation Phosphate, MMol' 'M-3)
"
"po4_ssp460_2020_2100_depthmin";"Bio-Oracle Phosphate [depthMin] SSP460 2020-2100.";"Uses attributes recommended by https://cfconventions.org

cdm_data_type = Grid
VARIABLES (all of which use the dimensions [time][latitude][longitude]):
po4_max (Maximum Phosphate, MMol' 'M-3)
po4_ltmax (Long-term maximum Phosphate, MMol' 'M-3)
po4_mean (Average Phosphate, MMol' 'M-3)
po4_ltmin (Long-term minimum Phosphate, MMol' 'M-3)
po4_min (Minimum Phosphate, MMol' 'M-3)
po4_range (Range Phosphate, MMol' 'M-3)
po4_sd (Standard deviation Phosphate, MMol' 'M-3)
"
"po4_ssp585_2020_2100_depthmin";"Bio-Oracle Phosphate [depthMin] SSP585 2020-2100.";"Uses attributes recommended by https://cfconventions.org

cdm_data_type = Grid
VARIABLES (all of which use the dimensions [time][latitude][longitude]):
po4_max (Maximum Phosphate, MMol' 'M-3)
po4_ltmax (Long-term maximum Phosphate, MMol' 'M-3)
po4_mean (Average Phosphate, MMol' 'M-3)
po4_ltmin (Long-term minimum Phosphate, MMol' 'M-3)
po4_min (Minimum Phosphate, MMol' 'M-3)
po4_range (Range Phosphate, MMol' 'M-3)
po4_sd (Standard deviation Phosphate, MMol' 'M-3)
"
"po4_baseline_2000_2018_depthsurf";"Bio-Oracle Phosphate [depthSurf] Baseline 2000-2018.";"Uses attributes recommended by https://cfconventions.org

cdm_data_type = Grid
VARIABLES (all of which use the dimensions [time][latitude][longitude]):
po4_max (Maximum Phosphate, MMol' 'M-3)
po4_ltmax (Long-term maximum Phosphate, MMol' 'M-3)
po4_mean (Average Phosphate, MMol' 'M-3)
po4_ltmin (Long-term minimum Phosphate, MMol' 'M-3)
po4_min (Minimum Phosphate, MMol' 'M-3)
po4_range (Range Phosphate, MMol' 'M-3)
"
"po4_ssp119_2020_2100_depthsurf";"Bio-Oracle Phosphate [depthSurf] SSP119 2020-2100.";"Uses attributes recommended by https://cfconventions.org

cdm_data_type = Grid
VARIABLES (all of which use the dimensions [time][latitude][longitude]):
po4_max (Maximum Phosphate, MMol' 'M-3)
po4_ltmax (Long-term maximum Phosphate, MMol' 'M-3)
po4_mean (Average Phosphate, MMol' 'M-3)
po4_ltmin (Long-term minimum Phosphate, MMol' 'M-3)
po4_min (Minimum Phosphate, MMol' 'M-3)
po4_range (Range Phosphate, MMol' 'M-3)
po4_sd (Standard deviation Phosphate, MMol' 'M-3)
"
"po4_ssp126_2020_2100_depthsurf";"Bio-Oracle Phosphate [depthSurf] SSP126 2020-2100.";"Uses attributes recommended by https://cfconventions.org

cdm_data_type = Grid
VARIABLES (all of which use the dimensions [time][latitude][longitude]):
po4_max (Maximum Phosphate, MMol' 'M-3)
po4_ltmax (Long-term maximum Phosphate, MMol' 'M-3)
po4_mean (Average Phosphate, MMol' 'M-3)
po4_ltmin (Long-term minimum Phosphate, MMol' 'M-3)
po4_min (Minimum Phosphate, MMol' 'M-3)
po4_range (Range Phosphate, MMol' 'M-3)
po4_sd (Standard deviation Phosphate, MMol' 'M-3)
"
"po4_ssp245_2020_2100_depthsurf";"Bio-Oracle Phosphate [depthSurf] SSP245 2020-2100.";"Uses attributes recommended by https://cfconventions.org

cdm_data_type = Grid
VARIABLES (all of which use the dimensions [time][latitude][longitude]):
po4_max (Maximum Phosphate, MMol' 'M-3)
po4_ltmax (Long-term maximum Phosphate, MMol' 'M-3)
po4_mean (Average Phosphate, MMol' 'M-3)
po4_ltmin (Long-term minimum Phosphate, MMol' 'M-3)
po4_min (Minimum Phosphate, MMol' 'M-3)
po4_range (Range Phosphate, MMol' 'M-3)
po4_sd (Standard deviation Phosphate, MMol' 'M-3)
"
"po4_ssp370_2020_2100_depthsurf";"Bio-Oracle Phosphate [depthSurf] SSP370 2020-2100.";"Uses attributes recommended by https://cfconventions.org

cdm_data_type = Grid
VARIABLES (all of which use the dimensions [time][latitude][longitude]):
po4_max (Maximum Phosphate, MMol' 'M-3)
po4_ltmax (Long-term maximum Phosphate, MMol' 'M-3)
po4_mean (Average Phosphate, MMol' 'M-3)
po4_ltmin (Long-term minimum Phosphate, MMol' 'M-3)
po4_min (Minimum Phosphate, MMol' 'M-3)
po4_range (Range Phosphate, MMol' 'M-3)
po4_sd (Standard deviation Phosphate, MMol' 'M-3)
"
"po4_ssp460_2020_2100_depthsurf";"Bio-Oracle Phosphate [depthSurf] SSP460 2020-2100.";"Uses attributes recommended by https://cfconventions.org

cdm_data_type = Grid
VARIABLES (all of which use the dimensions [time][latitude][longitude]):
po4_max (Maximum Phosphate, MMol' 'M-3)
po4_ltmax (Long-term maximum Phosphate, MMol' 'M-3)
po4_mean (Average Phosphate, MMol' 'M-3)
po4_ltmin (Long-term minimum Phosphate, MMol' 'M-3)
po4_min (Minimum Phosphate, MMol' 'M-3)
po4_range (Range Phosphate, MMol' 'M-3)
po4_sd (Standard deviation Phosphate, MMol' 'M-3)
"
"po4_ssp585_2020_2100_depthsurf";"Bio-Oracle Phosphate [depthSurf] SSP585 2020-2100.";"Uses attributes recommended by https://cfconventions.org

cdm_data_type = Grid
VARIABLES (all of which use the dimensions [time][latitude][longitude]):
po4_max (Maximum Phosphate, MMol' 'M-3)
po4_ltmax (Long-term maximum Phosphate, MMol' 'M-3)
po4_mean (Average Phosphate, MMol' 'M-3)
po4_ltmin (Long-term minimum Phosphate, MMol' 'M-3)
po4_min (Minimum Phosphate, MMol' 'M-3)
po4_range (Range Phosphate, MMol' 'M-3)
po4_sd (Standard deviation Phosphate, MMol' 'M-3)
"
"par_mean_baseline_2000_2020_depthsurf";"Bio-Oracle PhotosyntheticallyAvailableRadiation [depthSurf] Mean 2000-2020.";"Uses attributes recommended by https://cfconventions.org

cdm_data_type = Grid
VARIABLES (all of which use the dimensions [time][latitude][longitude]):
par_mean_max (Maximum PhotosyntheticallyAvailableRadiation, einstein/m2/day)
par_mean_ltmax (Long-term maximum PhotosyntheticallyAvailableRadiation, einstein/m2/day)
par_mean_mean (Average PhotosyntheticallyAvailableRadiation, einstein/m2/day)
par_mean_ltmin (Long-term minimum PhotosyntheticallyAvailableRadiation, einstein/m2/day)
par_mean_min (Minimum PhotosyntheticallyAvailableRadiation, einstein/m2/day)
par_mean_range (Range PhotosyntheticallyAvailableRadiation, einstein/m2/day)
"
"phyc_ssp126_2020_2100_depthmax";"Bio-Oracle Phytoplankton [depthMax] SSP126 2020-2100.";"Uses attributes recommended by https://cfconventions.org

cdm_data_type = Grid
VARIABLES (all of which use the dimensions [time][latitude][longitude]):
phyc_max (Maximum Phytoplankton, MMol' 'M-3)
phyc_ltmax (Long-term maximum Phytoplankton, MMol' 'M-3)
phyc_mean (Average Phytoplankton, MMol' 'M-3)
phyc_ltmin (Long-term minimum Phytoplankton, MMol' 'M-3)
phyc_min (Minimum Phytoplankton, MMol' 'M-3)
phyc_range (Range Phytoplankton, MMol' 'M-3)
phyc_sd (Standard deviation Phytoplankton, MMol' 'M-3)
"
"phyc_ssp126_2020_2100_depthmean";"Bio-Oracle Phytoplankton [depthMean] SSP126 2020-2100.";"Uses attributes recommended by https://cfconventions.org

cdm_data_type = Grid
VARIABLES (all of which use the dimensions [time][latitude][longitude]):
phyc_max (Maximum Phytoplankton, MMol' 'M-3)
phyc_ltmax (Long-term maximum Phytoplankton, MMol' 'M-3)
phyc_mean (Average Phytoplankton, MMol' 'M-3)
phyc_ltmin (Long-term minimum Phytoplankton, MMol' 'M-3)
phyc_min (Minimum Phytoplankton, MMol' 'M-3)
phyc_range (Range Phytoplankton, MMol' 'M-3)
phyc_sd (Standard deviation Phytoplankton, MMol' 'M-3)
"
"phyc_ssp126_2020_2100_depthmin";"Bio-Oracle Phytoplankton [depthMin] SSP126 2020-2100.";"Uses attributes recommended by https://cfconventions.org

cdm_data_type = Grid
VARIABLES (all of which use the dimensions [time][latitude][longitude]):
phyc_max (Maximum Phytoplankton, MMol' 'M-3)
phyc_ltmax (Long-term maximum Phytoplankton, MMol' 'M-3)
phyc_mean (Average Phytoplankton, MMol' 'M-3)
phyc_ltmin (Long-term minimum Phytoplankton, MMol' 'M-3)
phyc_min (Minimum Phytoplankton, MMol' 'M-3)
phyc_range (Range Phytoplankton, MMol' 'M-3)
phyc_sd (Standard deviation Phytoplankton, MMol' 'M-3)
"
"phyc_ssp126_2020_2100_depthsurf";"Bio-Oracle Phytoplankton [depthSurf] SSP126 2020-2100.";"Uses attributes recommended by https://cfconventions.org

cdm_data_type = Grid
VARIABLES (all of which use the dimensions [time][latitude][longitude]):
phyc_max (Maximum Phytoplankton, MMol' 'M-3)
phyc_ltmax (Long-term maximum Phytoplankton, MMol' 'M-3)
phyc_mean (Average Phytoplankton, MMol' 'M-3)
phyc_ltmin (Long-term minimum Phytoplankton, MMol' 'M-3)
phyc_min (Minimum Phytoplankton, MMol' 'M-3)
phyc_range (Range Phytoplankton, MMol' 'M-3)
phyc_sd (Standard deviation Phytoplankton, MMol' 'M-3)
"
"so_baseline_2000_2019_depthmax";"Bio-Oracle Salinity [depthMax] Baseline 2000-2019.";"Uses attributes recommended by https://cfconventions.org

cdm_data_type = Grid
VARIABLES (all of which use the dimensions [time][latitude][longitude]):
so_max (Maximum Salinity, PSU)
so_ltmax (Long-term maximum Salinity, PSU)
so_mean (Average Salinity, PSU)
so_ltmin (Long-term minimum Salinity, PSU)
so_min (Minimum Salinity, PSU)
so_range (Range Salinity, PSU)
"
"so_ssp119_2020_2100_depthmax";"Bio-Oracle Salinity [depthMax] SSP119 2020-2100.";"Uses attributes recommended by https://cfconventions.org

cdm_data_type = Grid
VARIABLES (all of which use the dimensions [time][latitude][longitude]):
so_max (Maximum Salinity, PSU)
so_ltmax (Long-term maximum Salinity, PSU)
so_mean (Average Salinity, PSU)
so_ltmin (Long-term minimum Salinity, PSU)
so_min (Minimum Salinity, PSU)
so_range (Range Salinity, PSU)
so_sd (Standard deviation Salinity, 1e-3)
"
"so_ssp126_2020_2100_depthmax";"Bio-Oracle Salinity [depthMax] SSP126 2020-2100.";"Uses attributes recommended by https://cfconventions.org

cdm_data_type = Grid
VARIABLES (all of which use the dimensions [time][latitude][longitude]):
so_max (Maximum Salinity, PSU)
so_ltmax (Long-term maximum Salinity, PSU)
so_mean (Average Salinity, PSU)
so_ltmin (Long-term minimum Salinity, PSU)
so_min (Minimum Salinity, PSU)
so_range (Range Salinity, PSU)
so_sd (Standard deviation Salinity, 1e-3)
"
"so_ssp245_2020_2100_depthmax";"Bio-Oracle Salinity [depthMax] SSP245 2020-2100.";"Uses attributes recommended by https://cfconventions.org

cdm_data_type = Grid
VARIABLES (all of which use the dimensions [time][latitude][longitude]):
so_max (Maximum Salinity, PSU)
so_ltmax (Long-term maximum Salinity, PSU)
so_mean (Average Salinity, PSU)
so_ltmin (Long-term minimum Salinity, PSU)
so_min (Minimum Salinity, PSU)
so_range (Range Salinity, PSU)
so_sd (Standard deviation Salinity, 1e-3)
"
"so_ssp370_2020_2100_depthmax";"Bio-Oracle Salinity [depthMax] SSP370 2020-2100.";"Uses attributes recommended by https://cfconventions.org

cdm_data_type = Grid
VARIABLES (all of which use the dimensions [time][latitude][longitude]):
so_max (Maximum Salinity, PSU)
so_ltmax (Long-term maximum Salinity, PSU)
so_mean (Average Salinity, PSU)
so_ltmin (Long-term minimum Salinity, PSU)
so_min (Minimum Salinity, PSU)
so_range (Range Salinity, PSU)
so_sd (Standard deviation Salinity, 1e-3)
"
"so_ssp460_2020_2100_depthmax";"Bio-Oracle Salinity [depthMax] SSP460 2020-2100.";"Uses attributes recommended by https://cfconventions.org

cdm_data_type = Grid
VARIABLES (all of which use the dimensions [time][latitude][longitude]):
so_max (Maximum Salinity, PSU)
so_ltmax (Long-term maximum Salinity, PSU)
so_mean (Average Salinity, PSU)
so_ltmin (Long-term minimum Salinity, PSU)
so_min (Minimum Salinity, PSU)
so_range (Range Salinity, PSU)
so_sd (Standard deviation Salinity, 1e-3)
"
"so_ssp585_2020_2100_depthmax";"Bio-Oracle Salinity [depthMax] SSP585 2020-2100.";"Uses attributes recommended by https://cfconventions.org

cdm_data_type = Grid
VARIABLES (all of which use the dimensions [time][latitude][longitude]):
so_max (Maximum Salinity, PSU)
so_ltmax (Long-term maximum Salinity, PSU)
so_mean (Average Salinity, PSU)
so_ltmin (Long-term minimum Salinity, PSU)
so_min (Minimum Salinity, PSU)
so_range (Range Salinity, PSU)
so_sd (Standard deviation Salinity, 1e-3)
"
"so_baseline_2000_2019_depthmean";"Bio-Oracle Salinity [depthMean] Baseline 2000-2019.";"Uses attributes recommended by https://cfconventions.org

cdm_data_type = Grid
VARIABLES (all of which use the dimensions [time][latitude][longitude]):
so_max (Maximum Salinity, PSU)
so_ltmax (Long-term maximum Salinity, PSU)
so_mean (Average Salinity, PSU)
so_ltmin (Long-term minimum Salinity, PSU)
so_min (Minimum Salinity, PSU)
so_range (Range Salinity, PSU)
"
"so_ssp119_2020_2100_depthmean";"Bio-Oracle Salinity [depthMean] SSP119 2020-2100.";"Uses attributes recommended by https://cfconventions.org

cdm_data_type = Grid
VARIABLES (all of which use the dimensions [time][latitude][longitude]):
so_max (Maximum Salinity, PSU)
so_ltmax (Long-term maximum Salinity, PSU)
so_mean (Average Salinity, PSU)
so_ltmin (Long-term minimum Salinity, PSU)
so_min (Minimum Salinity, PSU)
so_range (Range Salinity, PSU)
so_sd (Standard deviation Salinity, 1e-3)
"
"so_ssp126_2020_2100_depthmean";"Bio-Oracle Salinity [depthMean] SSP126 2020-2100.";"Uses attributes recommended by https://cfconventions.org

cdm_data_type = Grid
VARIABLES (all of which use the dimensions [time][latitude][longitude]):
so_max (Maximum Salinity, PSU)
so_ltmax (Long-term maximum Salinity, PSU)
so_mean (Average Salinity, PSU)
so_ltmin (Long-term minimum Salinity, PSU)
so_min (Minimum Salinity, PSU)
so_range (Range Salinity, PSU)
so_sd (Standard deviation Salinity, 1e-3)
"
"so_ssp245_2020_2100_depthmean";"Bio-Oracle Salinity [depthMean] SSP245 2020-2100.";"Uses attributes recommended by https://cfconventions.org

cdm_data_type = Grid
VARIABLES (all of which use the dimensions [time][latitude][longitude]):
so_max (Maximum Salinity, PSU)
so_ltmax (Long-term maximum Salinity, PSU)
so_mean (Average Salinity, PSU)
so_ltmin (Long-term minimum Salinity, PSU)
so_min (Minimum Salinity, PSU)
so_range (Range Salinity, PSU)
so_sd (Standard deviation Salinity, 1e-3)
"
"so_ssp370_2020_2100_depthmean";"Bio-Oracle Salinity [depthMean] SSP370 2020-2100.";"Uses attributes recommended by https://cfconventions.org

cdm_data_type = Grid
VARIABLES (all of which use the dimensions [time][latitude][longitude]):
so_max (Maximum Salinity, PSU)
so_ltmax (Long-term maximum Salinity, PSU)
so_mean (Average Salinity, PSU)
so_ltmin (Long-term minimum Salinity, PSU)
so_min (Minimum Salinity, PSU)
so_range (Range Salinity, PSU)
so_sd (Standard deviation Salinity, 1e-3)
"
"so_ssp460_2020_2100_depthmean";"Bio-Oracle Salinity [depthMean] SSP460 2020-2100.";"Uses attributes recommended by https://cfconventions.org

cdm_data_type = Grid
VARIABLES (all of which use the dimensions [time][latitude][longitude]):
so_max (Maximum Salinity, PSU)
so_ltmax (Long-term maximum Salinity, PSU)
so_mean (Average Salinity, PSU)
so_ltmin (Long-term minimum Salinity, PSU)
so_min (Minimum Salinity, PSU)
so_range (Range Salinity, PSU)
so_sd (Standard deviation Salinity, 1e-3)
"
"so_ssp585_2020_2100_depthmean";"Bio-Oracle Salinity [depthMean] SSP585 2020-2100.";"Uses attributes recommended by https://cfconventions.org

cdm_data_type = Grid
VARIABLES (all of which use the dimensions [time][latitude][longitude]):
so_max (Maximum Salinity, PSU)
so_ltmax (Long-term maximum Salinity, PSU)
so_mean (Average Salinity, PSU)
so_ltmin (Long-term minimum Salinity, PSU)
so_min (Minimum Salinity, PSU)
so_range (Range Salinity, PSU)
so_sd (Standard deviation Salinity, 1e-3)
"
"so_baseline_2000_2019_depthmin";"Bio-Oracle Salinity [depthMin] Baseline 2000-2019.";"Uses attributes recommended by https://cfconventions.org

cdm_data_type = Grid
VARIABLES (all of which use the dimensions [time][latitude][longitude]):
so_max (Maximum Salinity, PSU)
so_ltmax (Long-term maximum Salinity, PSU)
so_mean (Average Salinity, PSU)
so_ltmin (Long-term minimum Salinity, PSU)
so_min (Minimum Salinity, PSU)
so_range (Range Salinity, PSU)
"
"so_ssp119_2020_2100_depthmin";"Bio-Oracle Salinity [depthMin] SSP119 2020-2100.";"Uses attributes recommended by https://cfconventions.org

cdm_data_type = Grid
VARIABLES (all of which use the dimensions [time][latitude][longitude]):
so_max (Maximum Salinity, PSU)
so_ltmax (Long-term maximum Salinity, PSU)
so_mean (Average Salinity, PSU)
so_ltmin (Long-term minimum Salinity, PSU)
so_min (Minimum Salinity, PSU)
so_range (Range Salinity, PSU)
so_sd (Standard deviation Salinity, 1e-3)
"
"so_ssp126_2020_2100_depthmin";"Bio-Oracle Salinity [depthMin] SSP126 2020-2100.";"Uses attributes recommended by https://cfconventions.org

cdm_data_type = Grid
VARIABLES (all of which use the dimensions [time][latitude][longitude]):
so_max (Maximum Salinity, PSU)
so_ltmax (Long-term maximum Salinity, PSU)
so_mean (Average Salinity, PSU)
so_ltmin (Long-term minimum Salinity, PSU)
so_min (Minimum Salinity, PSU)
so_range (Range Salinity, PSU)
so_sd (Standard deviation Salinity, 1e-3)
"
"so_ssp245_2020_2100_depthmin";"Bio-Oracle Salinity [depthMin] SSP245 2020-2100.";"Uses attributes recommended by https://cfconventions.org

cdm_data_type = Grid
VARIABLES (all of which use the dimensions [time][latitude][longitude]):
so_max (Maximum Salinity, PSU)
so_ltmax (Long-term maximum Salinity, PSU)
so_mean (Average Salinity, PSU)
so_ltmin (Long-term minimum Salinity, PSU)
so_min (Minimum Salinity, PSU)
so_range (Range Salinity, PSU)
so_sd (Standard deviation Salinity, 1e-3)
"
"so_ssp370_2020_2100_depthmin";"Bio-Oracle Salinity [depthMin] SSP370 2020-2100.";"Uses attributes recommended by https://cfconventions.org

cdm_data_type = Grid
VARIABLES (all of which use the dimensions [time][latitude][longitude]):
so_max (Maximum Salinity, PSU)
so_ltmax (Long-term maximum Salinity, PSU)
so_mean (Average Salinity, PSU)
so_ltmin (Long-term minimum Salinity, PSU)
so_min (Minimum Salinity, PSU)
so_range (Range Salinity, PSU)
so_sd (Standard deviation Salinity, 1e-3)
"
"so_ssp460_2020_2100_depthmin";"Bio-Oracle Salinity [depthMin] SSP460 2020-2100.";"Uses attributes recommended by https://cfconventions.org

cdm_data_type = Grid
VARIABLES (all of which use the dimensions [time][latitude][longitude]):
so_max (Maximum Salinity, PSU)
so_ltmax (Long-term maximum Salinity, PSU)
so_mean (Average Salinity, PSU)
so_ltmin (Long-term minimum Salinity, PSU)
so_min (Minimum Salinity, PSU)
so_range (Range Salinity, PSU)
so_sd (Standard deviation Salinity, 1e-3)
"
"so_ssp585_2020_2100_depthmin";"Bio-Oracle Salinity [depthMin] SSP585 2020-2100.";"Uses attributes recommended by https://cfconventions.org

cdm_data_type = Grid
VARIABLES (all of which use the dimensions [time][latitude][longitude]):
so_max (Maximum Salinity, PSU)
so_ltmax (Long-term maximum Salinity, PSU)
so_mean (Average Salinity, PSU)
so_ltmin (Long-term minimum Salinity, PSU)
so_min (Minimum Salinity, PSU)
so_range (Range Salinity, PSU)
so_sd (Standard deviation Salinity, 1e-3)
"
"so_baseline_2000_2019_depthsurf";"Bio-Oracle Salinity [depthSurf] Baseline 2000-2019.";"Uses attributes recommended by https://cfconventions.org

cdm_data_type = Grid
VARIABLES (all of which use the dimensions [time][latitude][longitude]):
so_max (Maximum Salinity, PSU)
so_ltmax (Long-term maximum Salinity, PSU)
so_mean (Average Salinity, PSU)
so_ltmin (Long-term minimum Salinity, PSU)
so_min (Minimum Salinity, PSU)
so_range (Range Salinity, PSU)
"
"so_ssp119_2020_2100_depthsurf";"Bio-Oracle Salinity [depthSurf] SSP119 2020-2100.";"Uses attributes recommended by https://cfconventions.org

cdm_data_type = Grid
VARIABLES (all of which use the dimensions [time][latitude][longitude]):
so_max (Maximum Salinity, PSU)
so_ltmax (Long-term maximum Salinity, PSU)
so_mean (Average Salinity, PSU)
so_ltmin (Long-term minimum Salinity, PSU)
so_min (Minimum Salinity, PSU)
so_range (Range Salinity, PSU)
so_sd (Standard deviation Salinity, 1e-3)
"
"so_ssp126_2020_2100_depthsurf";"Bio-Oracle Salinity [depthSurf] SSP126 2020-2100.";"Uses attributes recommended by https://cfconventions.org

cdm_data_type = Grid
VARIABLES (all of which use the dimensions [time][latitude][longitude]):
so_max (Maximum Salinity, PSU)
so_ltmax (Long-term maximum Salinity, PSU)
so_mean (Average Salinity, PSU)
so_ltmin (Long-term minimum Salinity, PSU)
so_min (Minimum Salinity, PSU)
so_range (Range Salinity, PSU)
so_sd (Standard deviation Salinity, 1e-3)
"
"so_ssp245_2020_2100_depthsurf";"Bio-Oracle Salinity [depthSurf] SSP245 2020-2100.";"Uses attributes recommended by https://cfconventions.org

cdm_data_type = Grid
VARIABLES (all of which use the dimensions [time][latitude][longitude]):
so_max (Maximum Salinity, PSU)
so_ltmax (Long-term maximum Salinity, PSU)
so_mean (Average Salinity, PSU)
so_ltmin (Long-term minimum Salinity, PSU)
so_min (Minimum Salinity, PSU)
so_range (Range Salinity, PSU)
so_sd (Standard deviation Salinity, 1e-3)
"
"so_ssp370_2020_2100_depthsurf";"Bio-Oracle Salinity [depthSurf] SSP370 2020-2100.";"Uses attributes recommended by https://cfconventions.org

cdm_data_type = Grid
VARIABLES (all of which use the dimensions [time][latitude][longitude]):
so_max (Maximum Salinity, PSU)
so_ltmax (Long-term maximum Salinity, PSU)
so_mean (Average Salinity, PSU)
so_ltmin (Long-term minimum Salinity, PSU)
so_min (Minimum Salinity, PSU)
so_range (Range Salinity, PSU)
so_sd (Standard deviation Salinity, 1e-3)
"
"so_ssp460_2020_2100_depthsurf";"Bio-Oracle Salinity [depthSurf] SSP460 2020-2100.";"Uses attributes recommended by https://cfconventions.org

cdm_data_type = Grid
VARIABLES (all of which use the dimensions [time][latitude][longitude]):
so_max (Maximum Salinity, PSU)
so_ltmax (Long-term maximum Salinity, PSU)
so_mean (Average Salinity, PSU)
so_ltmin (Long-term minimum Salinity, PSU)
so_min (Minimum Salinity, PSU)
so_range (Range Salinity, PSU)
so_sd (Standard deviation Salinity, 1e-3)
"
"so_ssp585_2020_2100_depthsurf";"Bio-Oracle Salinity [depthSurf] SSP585 2020-2100.";"Uses attributes recommended by https://cfconventions.org

cdm_data_type = Grid
VARIABLES (all of which use the dimensions [time][latitude][longitude]):
so_max (Maximum Salinity, PSU)
so_ltmax (Long-term maximum Salinity, PSU)
so_mean (Average Salinity, PSU)
so_ltmin (Long-term minimum Salinity, PSU)
so_min (Minimum Salinity, PSU)
so_range (Range Salinity, PSU)
so_sd (Standard deviation Salinity, 1e-3)
"
"siconc_baseline_2000_2020_depthsurf";"Bio-Oracle SeaIceCover [depthSurf] Baseline 2000-2020.";"Uses attributes recommended by https://cfconventions.org

cdm_data_type = Grid
VARIABLES (all of which use the dimensions [time][latitude][longitude]):
siconc_max (Maximum SeaIceCover, 1)
siconc_ltmax (Long-term maximum SeaIceCover, 1)
siconc_mean (Average SeaIceCover, 1)
siconc_ltmin (Long-term minimum SeaIceCover, 1)
siconc_min (Minimum SeaIceCover, 1)
siconc_range (Range SeaIceCover, 1)
"
"siconc_ssp119_2020_2100_depthsurf";"Bio-Oracle SeaIceCover [depthSurf] SSP119 2020-2100.";"Uses attributes recommended by https://cfconventions.org

cdm_data_type = Grid
VARIABLES (all of which use the dimensions [time][latitude][longitude]):
siconc_max (Maximum SeaIceCover, 1)
siconc_ltmax (Long-term maximum SeaIceCover, 1)
siconc_mean (Average SeaIceCover, 1)
siconc_ltmin (Long-term minimum SeaIceCover, 1)
siconc_min (Minimum SeaIceCover, 1)
siconc_range (Range SeaIceCover, 1)
siconc_sd (Standard deviation SeaIceCover, 1)
"
"siconc_ssp126_2020_2100_depthsurf";"Bio-Oracle SeaIceCover [depthSurf] SSP126 2020-2100.";"Uses attributes recommended by https://cfconventions.org

cdm_data_type = Grid
VARIABLES (all of which use the dimensions [time][latitude][longitude]):
siconc_max (Maximum SeaIceCover, 1)
siconc_ltmax (Long-term maximum SeaIceCover, 1)
siconc_mean (Average SeaIceCover, 1)
siconc_ltmin (Long-term minimum SeaIceCover, 1)
siconc_min (Minimum SeaIceCover, 1)
siconc_range (Range SeaIceCover, 1)
siconc_sd (Standard deviation SeaIceCover, 1)
"
"siconc_ssp245_2020_2100_depthsurf";"Bio-Oracle SeaIceCover [depthSurf] SSP245 2020-2100.";"Uses attributes recommended by https://cfconventions.org

cdm_data_type = Grid
VARIABLES (all of which use the dimensions [time][latitude][longitude]):
siconc_max (Maximum SeaIceCover, 1)
siconc_ltmax (Long-term maximum SeaIceCover, 1)
siconc_mean (Average SeaIceCover, 1)
siconc_ltmin (Long-term minimum SeaIceCover, 1)
siconc_min (Minimum SeaIceCover, 1)
siconc_range (Range SeaIceCover, 1)
siconc_sd (Standard deviation SeaIceCover, 1)
"
"siconc_ssp370_2020_2100_depthsurf";"Bio-Oracle SeaIceCover [depthSurf] SSP370 2020-2100.";"Uses attributes recommended by https://cfconventions.org

cdm_data_type = Grid
VARIABLES (all of which use the dimensions [time][latitude][longitude]):
siconc_max (Maximum SeaIceCover, 1)
siconc_ltmax (Long-term maximum SeaIceCover, 1)
siconc_mean (Average SeaIceCover, 1)
siconc_ltmin (Long-term minimum SeaIceCover, 1)
siconc_min (Minimum SeaIceCover, 1)
siconc_range (Range SeaIceCover, 1)
siconc_sd (Standard deviation SeaIceCover, 1)
"
"siconc_ssp460_2020_2100_depthsurf";"Bio-Oracle SeaIceCover [depthSurf] SSP460 2020-2100.";"Uses attributes recommended by https://cfconventions.org

cdm_data_type = Grid
VARIABLES (all of which use the dimensions [time][latitude][longitude]):
siconc_max (Maximum SeaIceCover, 1)
siconc_ltmax (Long-term maximum SeaIceCover, 1)
siconc_mean (Average SeaIceCover, 1)
siconc_ltmin (Long-term minimum SeaIceCover, 1)
siconc_min (Minimum SeaIceCover, 1)
siconc_range (Range SeaIceCover, 1)
siconc_sd (Standard deviation SeaIceCover, 1)
"
"siconc_ssp585_2020_2100_depthsurf";"Bio-Oracle SeaIceCover [depthSurf] SSP585 2020-2100.";"Uses attributes recommended by https://cfconventions.org

cdm_data_type = Grid
VARIABLES (all of which use the dimensions [time][latitude][longitude]):
siconc_max (Maximum SeaIceCover, 1)
siconc_ltmax (Long-term maximum SeaIceCover, 1)
siconc_mean (Average SeaIceCover, 1)
siconc_ltmin (Long-term minimum SeaIceCover, 1)
siconc_min (Minimum SeaIceCover, 1)
siconc_range (Range SeaIceCover, 1)
siconc_sd (Standard deviation SeaIceCover, 1)
"
"sithick_baseline_2000_2020_depthsurf";"Bio-Oracle SeaIceThickness [depthSurf] Baseline 2000-2020.";"Uses attributes recommended by https://cfconventions.org

cdm_data_type = Grid
VARIABLES (all of which use the dimensions [time][latitude][longitude]):
sithick_max (Maximum SeaIceThickness, m)
sithick_ltmax (Long-term maximum SeaIceThickness, m)
sithick_mean (Average SeaIceThickness, m)
sithick_ltmin (Long-term minimum SeaIceThickness, m)
sithick_min (Minimum SeaIceThickness, m)
sithick_range (Range SeaIceThickness, m)
"
"sithick_ssp119_2020_2100_depthsurf";"Bio-Oracle SeaIceThickness [depthSurf] SSP119 2020-2100.";"Uses attributes recommended by https://cfconventions.org

cdm_data_type = Grid
VARIABLES (all of which use the dimensions [time][latitude][longitude]):
sithick_max (Maximum SeaIceThickness, m)
sithick_ltmax (Long-term maximum SeaIceThickness, m)
sithick_mean (Average SeaIceThickness, m)
sithick_ltmin (Long-term minimum SeaIceThickness, m)
sithick_min (Minimum SeaIceThickness, m)
sithick_range (Range SeaIceThickness, m)
sithick_sd (Standard deviation SeaIceThickness, m)
"
"sithick_ssp126_2020_2100_depthsurf";"Bio-Oracle SeaIceThickness [depthSurf] SSP126 2020-2100.";"Uses attributes recommended by https://cfconventions.org

cdm_data_type = Grid
VARIABLES (all of which use the dimensions [time][latitude][longitude]):
sithick_max (Maximum SeaIceThickness, m)
sithick_ltmax (Long-term maximum SeaIceThickness, m)
sithick_mean (Average SeaIceThickness, m)
sithick_ltmin (Long-term minimum SeaIceThickness, m)
sithick_min (Minimum SeaIceThickness, m)
sithick_range (Range SeaIceThickness, m)
sithick_sd (Standard deviation SeaIceThickness, m)
"
"sithick_ssp245_2020_2100_depthsurf";"Bio-Oracle SeaIceThickness [depthSurf] SSP245 2020-2100.";"Uses attributes recommended by https://cfconventions.org

cdm_data_type = Grid
VARIABLES (all of which use the dimensions [time][latitude][longitude]):
sithick_max (Maximum SeaIceThickness, m)
sithick_ltmax (Long-term maximum SeaIceThickness, m)
sithick_mean (Average SeaIceThickness, m)
sithick_ltmin (Long-term minimum SeaIceThickness, m)
sithick_min (Minimum SeaIceThickness, m)
sithick_range (Range SeaIceThickness, m)
sithick_sd (Standard deviation SeaIceThickness, m)
"
"sithick_ssp370_2020_2100_depthsurf";"Bio-Oracle SeaIceThickness [depthSurf] SSP370 2020-2100.";"Uses attributes recommended by https://cfconventions.org

cdm_data_type = Grid
VARIABLES (all of which use the dimensions [time][latitude][longitude]):
sithick_max (Maximum SeaIceThickness, m)
sithick_ltmax (Long-term maximum SeaIceThickness, m)
sithick_mean (Average SeaIceThickness, m)
sithick_ltmin (Long-term minimum SeaIceThickness, m)
sithick_min (Minimum SeaIceThickness, m)
sithick_range (Range SeaIceThickness, m)
sithick_sd (Standard deviation SeaIceThickness, m)
"
"sithick_ssp460_2020_2100_depthsurf";"Bio-Oracle SeaIceThickness [depthSurf] SSP460 2020-2100.";"Uses attributes recommended by https://cfconventions.org

cdm_data_type = Grid
VARIABLES (all of which use the dimensions [time][latitude][longitude]):
sithick_max (Maximum SeaIceThickness, m)
sithick_ltmax (Long-term maximum SeaIceThickness, m)
sithick_mean (Average SeaIceThickness, m)
sithick_ltmin (Long-term minimum SeaIceThickness, m)
sithick_min (Minimum SeaIceThickness, m)
sithick_range (Range SeaIceThickness, m)
sithick_sd (Standard deviation SeaIceThickness, m)
"
"sithick_ssp585_2020_2100_depthsurf";"Bio-Oracle SeaIceThickness [depthSurf] SSP585 2020-2100.";"Uses attributes recommended by https://cfconventions.org

cdm_data_type = Grid
VARIABLES (all of which use the dimensions [time][latitude][longitude]):
sithick_max (Maximum SeaIceThickness, m)
sithick_ltmax (Long-term maximum SeaIceThickness, m)
sithick_mean (Average SeaIceThickness, m)
sithick_ltmin (Long-term minimum SeaIceThickness, m)
sithick_min (Minimum SeaIceThickness, m)
sithick_range (Range SeaIceThickness, m)
sithick_sd (Standard deviation SeaIceThickness, m)
"
"swd_baseline_2000_2019_depthmax";"Bio-Oracle SeaWaterDirection [depthMax]Baseline 2000-2019.";"Uses attributes recommended by https://cfconventions.org

cdm_data_type = Grid
VARIABLES (all of which use the dimensions [time][latitude][longitude]):
swd_max (Maximum SeaWaterDirection, degree)
swd_ltmax (Long-term maximum SeaWaterDirection, degree)
swd_mean (Average SeaWaterDirection, degree)
swd_ltmin (Long-term minimum SeaWaterDirection, degree)
swd_min (Minimum SeaWaterDirection, degree)
swd_range (Range SeaWaterDirection, degree)
"
"swd_ssp119_2020_2100_depthmax";"Bio-Oracle SeaWaterDirection [depthMax]SSP119 2020-2100.";"Uses attributes recommended by https://cfconventions.org

cdm_data_type = Grid
VARIABLES (all of which use the dimensions [time][latitude][longitude]):
swd_max (Maximum SeaWaterDirection, degree)
swd_ltmax (Long-term maximum SeaWaterDirection, degree)
swd_mean (Average SeaWaterDirection, degree)
swd_ltmin (Long-term minimum SeaWaterDirection, degree)
swd_min (Minimum SeaWaterDirection, degree)
swd_range (Range SeaWaterDirection, degree)
"
"swd_ssp126_2020_2100_depthmax";"Bio-Oracle SeaWaterDirection [depthMax]SSP126 2020-2100.";"Uses attributes recommended by https://cfconventions.org

cdm_data_type = Grid
VARIABLES (all of which use the dimensions [time][latitude][longitude]):
swd_max (Maximum SeaWaterDirection, degree)
swd_ltmax (Long-term maximum SeaWaterDirection, degree)
swd_mean (Average SeaWaterDirection, degree)
swd_ltmin (Long-term minimum SeaWaterDirection, degree)
swd_min (Minimum SeaWaterDirection, degree)
swd_range (Range SeaWaterDirection, degree)
"
"swd_ssp245_2020_2100_depthmax";"Bio-Oracle SeaWaterDirection [depthMax]SSP245 2020-2100.";"Uses attributes recommended by https://cfconventions.org

cdm_data_type = Grid
VARIABLES (all of which use the dimensions [time][latitude][longitude]):
swd_max (Maximum SeaWaterDirection, degree)
swd_ltmax (Long-term maximum SeaWaterDirection, degree)
swd_mean (Average SeaWaterDirection, degree)
swd_ltmin (Long-term minimum SeaWaterDirection, degree)
swd_min (Minimum SeaWaterDirection, degree)
swd_range (Range SeaWaterDirection, degree)
"
"swd_ssp370_2020_2100_depthmax";"Bio-Oracle SeaWaterDirection [depthMax]SSP370 2020-2100.";"Uses attributes recommended by https://cfconventions.org

cdm_data_type = Grid
VARIABLES (all of which use the dimensions [time][latitude][longitude]):
swd_max (Maximum SeaWaterDirection, degree)
swd_ltmax (Long-term maximum SeaWaterDirection, degree)
swd_mean (Average SeaWaterDirection, degree)
swd_ltmin (Long-term minimum SeaWaterDirection, degree)
swd_min (Minimum SeaWaterDirection, degree)
swd_range (Range SeaWaterDirection, degree)
"
"swd_ssp460_2020_2100_depthmax";"Bio-Oracle SeaWaterDirection [depthMax]SSP460 2020-2100.";"Uses attributes recommended by https://cfconventions.org

cdm_data_type = Grid
VARIABLES (all of which use the dimensions [time][latitude][longitude]):
swd_max (Maximum SeaWaterDirection, degree)
swd_ltmax (Long-term maximum SeaWaterDirection, degree)
swd_mean (Average SeaWaterDirection, degree)
swd_ltmin (Long-term minimum SeaWaterDirection, degree)
swd_min (Minimum SeaWaterDirection, degree)
swd_range (Range SeaWaterDirection, degree)
"
"swd_ssp585_2020_2100_depthmax";"Bio-Oracle SeaWaterDirection [depthMax]SSP585 2020-2100.";"Uses attributes recommended by https://cfconventions.org

cdm_data_type = Grid
VARIABLES (all of which use the dimensions [time][latitude][longitude]):
swd_max (Maximum SeaWaterDirection, degree)
swd_ltmax (Long-term maximum SeaWaterDirection, degree)
swd_mean (Average SeaWaterDirection, degree)
swd_ltmin (Long-term minimum SeaWaterDirection, degree)
swd_min (Minimum SeaWaterDirection, degree)
swd_range (Range SeaWaterDirection, degree)
"
"swd_baseline_2000_2019_depthmean";"Bio-Oracle SeaWaterDirection [depthMean]Baseline 2000-2019.";"Uses attributes recommended by https://cfconventions.org

cdm_data_type = Grid
VARIABLES (all of which use the dimensions [time][latitude][longitude]):
swd_max (Maximum SeaWaterDirection, degree)
swd_ltmax (Long-term maximum SeaWaterDirection, degree)
swd_mean (Average SeaWaterDirection, degree)
swd_ltmin (Long-term minimum SeaWaterDirection, degree)
swd_min (Minimum SeaWaterDirection, degree)
swd_range (Range SeaWaterDirection, degree)
"
"swd_ssp119_2020_2100_depthmean";"Bio-Oracle SeaWaterDirection [depthMean]SSP119 2020-2100.";"Uses attributes recommended by https://cfconventions.org

cdm_data_type = Grid
VARIABLES (all of which use the dimensions [time][latitude][longitude]):
swd_max (Maximum SeaWaterDirection, degree)
swd_ltmax (Long-term maximum SeaWaterDirection, degree)
swd_mean (Average SeaWaterDirection, degree)
swd_ltmin (Long-term minimum SeaWaterDirection, degree)
swd_min (Minimum SeaWaterDirection, degree)
swd_range (Range SeaWaterDirection, degree)
"
"swd_ssp126_2020_2100_depthmean";"Bio-Oracle SeaWaterDirection [depthMean]SSP126 2020-2100.";"Uses attributes recommended by https://cfconventions.org

cdm_data_type = Grid
VARIABLES (all of which use the dimensions [time][latitude][longitude]):
swd_max (Maximum SeaWaterDirection, degree)
swd_ltmax (Long-term maximum SeaWaterDirection, degree)
swd_mean (Average SeaWaterDirection, degree)
swd_ltmin (Long-term minimum SeaWaterDirection, degree)
swd_min (Minimum SeaWaterDirection, degree)
swd_range (Range SeaWaterDirection, degree)
"
"swd_ssp245_2020_2100_depthmean";"Bio-Oracle SeaWaterDirection [depthMean]SSP245 2020-2100.";"Uses attributes recommended by https://cfconventions.org

cdm_data_type = Grid
VARIABLES (all of which use the dimensions [time][latitude][longitude]):
swd_max (Maximum SeaWaterDirection, degree)
swd_ltmax (Long-term maximum SeaWaterDirection, degree)
swd_mean (Average SeaWaterDirection, degree)
swd_ltmin (Long-term minimum SeaWaterDirection, degree)
swd_min (Minimum SeaWaterDirection, degree)
swd_range (Range SeaWaterDirection, degree)
"
"swd_ssp370_2020_2100_depthmean";"Bio-Oracle SeaWaterDirection [depthMean]SSP370 2020-2100.";"Uses attributes recommended by https://cfconventions.org

cdm_data_type = Grid
VARIABLES (all of which use the dimensions [time][latitude][longitude]):
swd_max (Maximum SeaWaterDirection, degree)
swd_ltmax (Long-term maximum SeaWaterDirection, degree)
swd_mean (Average SeaWaterDirection, degree)
swd_ltmin (Long-term minimum SeaWaterDirection, degree)
swd_min (Minimum SeaWaterDirection, degree)
swd_range (Range SeaWaterDirection, degree)
"
"swd_ssp460_2020_2100_depthmean";"Bio-Oracle SeaWaterDirection [depthMean]SSP460 2020-2100.";"Uses attributes recommended by https://cfconventions.org

cdm_data_type = Grid
VARIABLES (all of which use the dimensions [time][latitude][longitude]):
swd_max (Maximum SeaWaterDirection, degree)
swd_ltmax (Long-term maximum SeaWaterDirection, degree)
swd_mean (Average SeaWaterDirection, degree)
swd_ltmin (Long-term minimum SeaWaterDirection, degree)
swd_min (Minimum SeaWaterDirection, degree)
swd_range (Range SeaWaterDirection, degree)
"
"swd_ssp585_2020_2100_depthmean";"Bio-Oracle SeaWaterDirection [depthMean]SSP585 2020-2100.";"Uses attributes recommended by https://cfconventions.org

cdm_data_type = Grid
VARIABLES (all of which use the dimensions [time][latitude][longitude]):
swd_max (Maximum SeaWaterDirection, degree)
swd_ltmax (Long-term maximum SeaWaterDirection, degree)
swd_mean (Average SeaWaterDirection, degree)
swd_ltmin (Long-term minimum SeaWaterDirection, degree)
swd_min (Minimum SeaWaterDirection, degree)
swd_range (Range SeaWaterDirection, degree)
"
"swd_baseline_2000_2019_depthmin";"Bio-Oracle SeaWaterDirection [depthMin]Baseline 2000-2019.";"Uses attributes recommended by https://cfconventions.org

cdm_data_type = Grid
VARIABLES (all of which use the dimensions [time][latitude][longitude]):
swd_max (Maximum SeaWaterDirection, degree)
swd_ltmax (Long-term maximum SeaWaterDirection, degree)
swd_mean (Average SeaWaterDirection, degree)
swd_ltmin (Long-term minimum SeaWaterDirection, degree)
swd_min (Minimum SeaWaterDirection, degree)
swd_range (Range SeaWaterDirection, degree)
"
"swd_ssp119_2020_2100_depthmin";"Bio-Oracle SeaWaterDirection [depthMin]SSP119 2020-2100.";"Uses attributes recommended by https://cfconventions.org

cdm_data_type = Grid
VARIABLES (all of which use the dimensions [time][latitude][longitude]):
swd_max (Maximum SeaWaterDirection, degree)
swd_ltmax (Long-term maximum SeaWaterDirection, degree)
swd_mean (Average SeaWaterDirection, degree)
swd_ltmin (Long-term minimum SeaWaterDirection, degree)
swd_min (Minimum SeaWaterDirection, degree)
swd_range (Range SeaWaterDirection, degree)
"
"swd_ssp126_2020_2100_depthmin";"Bio-Oracle SeaWaterDirection [depthMin]SSP126 2020-2100.";"Uses attributes recommended by https://cfconventions.org

cdm_data_type = Grid
VARIABLES (all of which use the dimensions [time][latitude][longitude]):
swd_max (Maximum SeaWaterDirection, degree)
swd_ltmax (Long-term maximum SeaWaterDirection, degree)
swd_mean (Average SeaWaterDirection, degree)
swd_ltmin (Long-term minimum SeaWaterDirection, degree)
swd_min (Minimum SeaWaterDirection, degree)
swd_range (Range SeaWaterDirection, degree)
"
"swd_ssp245_2020_2100_depthmin";"Bio-Oracle SeaWaterDirection [depthMin]SSP245 2020-2100.";"Uses attributes recommended by https://cfconventions.org

cdm_data_type = Grid
VARIABLES (all of which use the dimensions [time][latitude][longitude]):
swd_max (Maximum SeaWaterDirection, degree)
swd_ltmax (Long-term maximum SeaWaterDirection, degree)
swd_mean (Average SeaWaterDirection, degree)
swd_ltmin (Long-term minimum SeaWaterDirection, degree)
swd_min (Minimum SeaWaterDirection, degree)
swd_range (Range SeaWaterDirection, degree)
"
"swd_ssp370_2020_2100_depthmin";"Bio-Oracle SeaWaterDirection [depthMin]SSP370 2020-2100.";"Uses attributes recommended by https://cfconventions.org

cdm_data_type = Grid
VARIABLES (all of which use the dimensions [time][latitude][longitude]):
swd_max (Maximum SeaWaterDirection, degree)
swd_ltmax (Long-term maximum SeaWaterDirection, degree)
swd_mean (Average SeaWaterDirection, degree)
swd_ltmin (Long-term minimum SeaWaterDirection, degree)
swd_min (Minimum SeaWaterDirection, degree)
swd_range (Range SeaWaterDirection, degree)
"
"swd_ssp460_2020_2100_depthmin";"Bio-Oracle SeaWaterDirection [depthMin]SSP460 2020-2100.";"Uses attributes recommended by https://cfconventions.org

cdm_data_type = Grid
VARIABLES (all of which use the dimensions [time][latitude][longitude]):
swd_max (Maximum SeaWaterDirection, degree)
swd_ltmax (Long-term maximum SeaWaterDirection, degree)
swd_mean (Average SeaWaterDirection, degree)
swd_ltmin (Long-term minimum SeaWaterDirection, degree)
swd_min (Minimum SeaWaterDirection, degree)
swd_range (Range SeaWaterDirection, degree)
"
"swd_ssp585_2020_2100_depthmin";"Bio-Oracle SeaWaterDirection [depthMin]SSP585 2020-2100.";"Uses attributes recommended by https://cfconventions.org

cdm_data_type = Grid
VARIABLES (all of which use the dimensions [time][latitude][longitude]):
swd_max (Maximum SeaWaterDirection, degree)
swd_ltmax (Long-term maximum SeaWaterDirection, degree)
swd_mean (Average SeaWaterDirection, degree)
swd_ltmin (Long-term minimum SeaWaterDirection, degree)
swd_min (Minimum SeaWaterDirection, degree)
swd_range (Range SeaWaterDirection, degree)
"
"swd_baseline_2000_2019_depthsurf";"Bio-Oracle SeaWaterDirection [depthSurf]Baseline 2000-2019.";"Uses attributes recommended by https://cfconventions.org

cdm_data_type = Grid
VARIABLES (all of which use the dimensions [time][latitude][longitude]):
swd_max (Maximum SeaWaterDirection, degree)
swd_ltmax (Long-term maximum SeaWaterDirection, degree)
swd_mean (Average SeaWaterDirection, degree)
swd_ltmin (Long-term minimum SeaWaterDirection, degree)
swd_min (Minimum SeaWaterDirection, degree)
swd_range (Range SeaWaterDirection, degree)
"
"swd_ssp119_2020_2100_depthsurf";"Bio-Oracle SeaWaterDirection [depthSurf]SSP119 2020-2100.";"Uses attributes recommended by https://cfconventions.org

cdm_data_type = Grid
VARIABLES (all of which use the dimensions [time][latitude][longitude]):
swd_max (Maximum SeaWaterDirection, degree)
swd_ltmax (Long-term maximum SeaWaterDirection, degree)
swd_mean (Average SeaWaterDirection, degree)
swd_ltmin (Long-term minimum SeaWaterDirection, degree)
swd_min (Minimum SeaWaterDirection, degree)
swd_range (Range SeaWaterDirection, degree)
"
"swd_ssp126_2020_2100_depthsurf";"Bio-Oracle SeaWaterDirection [depthSurf]SSP126 2020-2100.";"Uses attributes recommended by https://cfconventions.org

cdm_data_type = Grid
VARIABLES (all of which use the dimensions [time][latitude][longitude]):
swd_max (Maximum SeaWaterDirection, degree)
swd_ltmax (Long-term maximum SeaWaterDirection, degree)
swd_mean (Average SeaWaterDirection, degree)
swd_ltmin (Long-term minimum SeaWaterDirection, degree)
swd_min (Minimum SeaWaterDirection, degree)
swd_range (Range SeaWaterDirection, degree)
"
"swd_ssp245_2020_2100_depthsurf";"Bio-Oracle SeaWaterDirection [depthSurf]SSP245 2020-2100.";"Uses attributes recommended by https://cfconventions.org

cdm_data_type = Grid
VARIABLES (all of which use the dimensions [time][latitude][longitude]):
swd_max (Maximum SeaWaterDirection, degree)
swd_ltmax (Long-term maximum SeaWaterDirection, degree)
swd_mean (Average SeaWaterDirection, degree)
swd_ltmin (Long-term minimum SeaWaterDirection, degree)
swd_min (Minimum SeaWaterDirection, degree)
swd_range (Range SeaWaterDirection, degree)
"
"swd_ssp370_2020_2100_depthsurf";"Bio-Oracle SeaWaterDirection [depthSurf]SSP370 2020-2100.";"Uses attributes recommended by https://cfconventions.org

cdm_data_type = Grid
VARIABLES (all of which use the dimensions [time][latitude][longitude]):
swd_max (Maximum SeaWaterDirection, degree)
swd_ltmax (Long-term maximum SeaWaterDirection, degree)
swd_mean (Average SeaWaterDirection, degree)
swd_ltmin (Long-term minimum SeaWaterDirection, degree)
swd_min (Minimum SeaWaterDirection, degree)
swd_range (Range SeaWaterDirection, degree)
"
"swd_ssp460_2020_2100_depthsurf";"Bio-Oracle SeaWaterDirection [depthSurf]SSP460 2020-2100.";"Uses attributes recommended by https://cfconventions.org

cdm_data_type = Grid
VARIABLES (all of which use the dimensions [time][latitude][longitude]):
swd_max (Maximum SeaWaterDirection, degree)
swd_ltmax (Long-term maximum SeaWaterDirection, degree)
swd_mean (Average SeaWaterDirection, degree)
swd_ltmin (Long-term minimum SeaWaterDirection, degree)
swd_min (Minimum SeaWaterDirection, degree)
swd_range (Range SeaWaterDirection, degree)
"
"swd_ssp585_2020_2100_depthsurf";"Bio-Oracle SeaWaterDirection [depthSurf]SSP585 2020-2100.";"Uses attributes recommended by https://cfconventions.org

cdm_data_type = Grid
VARIABLES (all of which use the dimensions [time][latitude][longitude]):
swd_max (Maximum SeaWaterDirection, degree)
swd_ltmax (Long-term maximum SeaWaterDirection, degree)
swd_mean (Average SeaWaterDirection, degree)
swd_ltmin (Long-term minimum SeaWaterDirection, degree)
swd_min (Minimum SeaWaterDirection, degree)
swd_range (Range SeaWaterDirection, degree)
"
"sws_baseline_2000_2019_depthmax";"Bio-Oracle SeaWaterSpeed [depthMax]Baseline 2000-2019.";"Uses attributes recommended by https://cfconventions.org

cdm_data_type = Grid
VARIABLES (all of which use the dimensions [time][latitude][longitude]):
sws_max (Maximum SeaWaterSpeed, m s**-1)
sws_ltmax (Long-term maximum SeaWaterSpeed, m s**-1)
sws_mean (Average SeaWaterSpeed, m s**-1)
sws_ltmin (Long-term minimum SeaWaterSpeed, m s**-1)
sws_min (Minimum SeaWaterSpeed, m s**-1)
sws_range (Range SeaWaterSpeed, m s**-1)
"
"sws_ssp119_2020_2100_depthmax";"Bio-Oracle SeaWaterSpeed [depthMax]SSP119 2020-2100.";"Uses attributes recommended by https://cfconventions.org

cdm_data_type = Grid
VARIABLES (all of which use the dimensions [time][latitude][longitude]):
sws_max (Maximum SeaWaterSpeed, m s**-1)
sws_ltmax (Long-term maximum SeaWaterSpeed, m s**-1)
sws_mean (Average SeaWaterSpeed, m s**-1)
sws_ltmin (Long-term minimum SeaWaterSpeed, m s**-1)
sws_min (Minimum SeaWaterSpeed, m s**-1)
sws_range (Range SeaWaterSpeed, m s**-1)
"
"sws_ssp126_2020_2100_depthmax";"Bio-Oracle SeaWaterSpeed [depthMax]SSP126 2020-2100.";"Uses attributes recommended by https://cfconventions.org

cdm_data_type = Grid
VARIABLES (all of which use the dimensions [time][latitude][longitude]):
sws_max (Maximum SeaWaterSpeed, m s**-1)
sws_ltmax (Long-term maximum SeaWaterSpeed, m s**-1)
sws_mean (Average SeaWaterSpeed, m s**-1)
sws_ltmin (Long-term minimum SeaWaterSpeed, m s**-1)
sws_min (Minimum SeaWaterSpeed, m s**-1)
sws_range (Range SeaWaterSpeed, m s**-1)
"
"sws_ssp245_2020_2100_depthmax";"Bio-Oracle SeaWaterSpeed [depthMax]SSP245 2020-2100.";"Uses attributes recommended by https://cfconventions.org

cdm_data_type = Grid
VARIABLES (all of which use the dimensions [time][latitude][longitude]):
sws_max (Maximum SeaWaterSpeed, m s**-1)
sws_ltmax (Long-term maximum SeaWaterSpeed, m s**-1)
sws_mean (Average SeaWaterSpeed, m s**-1)
sws_ltmin (Long-term minimum SeaWaterSpeed, m s**-1)
sws_min (Minimum SeaWaterSpeed, m s**-1)
sws_range (Range SeaWaterSpeed, m s**-1)
"
"sws_ssp370_2020_2100_depthmax";"Bio-Oracle SeaWaterSpeed [depthMax]SSP370 2020-2100.";"Uses attributes recommended by https://cfconventions.org

cdm_data_type = Grid
VARIABLES (all of which use the dimensions [time][latitude][longitude]):
sws_max (Maximum SeaWaterSpeed, m s**-1)
sws_ltmax (Long-term maximum SeaWaterSpeed, m s**-1)
sws_mean (Average SeaWaterSpeed, m s**-1)
sws_ltmin (Long-term minimum SeaWaterSpeed, m s**-1)
sws_min (Minimum SeaWaterSpeed, m s**-1)
sws_range (Range SeaWaterSpeed, m s**-1)
"
"sws_ssp460_2020_2100_depthmax";"Bio-Oracle SeaWaterSpeed [depthMax]SSP460 2020-2100.";"Uses attributes recommended by https://cfconventions.org

cdm_data_type = Grid
VARIABLES (all of which use the dimensions [time][latitude][longitude]):
sws_max (Maximum SeaWaterSpeed, m s**-1)
sws_ltmax (Long-term maximum SeaWaterSpeed, m s**-1)
sws_mean (Average SeaWaterSpeed, m s**-1)
sws_ltmin (Long-term minimum SeaWaterSpeed, m s**-1)
sws_min (Minimum SeaWaterSpeed, m s**-1)
sws_range (Range SeaWaterSpeed, m s**-1)
"
"sws_ssp585_2020_2100_depthmax";"Bio-Oracle SeaWaterSpeed [depthMax]SSP585 2020-2100.";"Uses attributes recommended by https://cfconventions.org

cdm_data_type = Grid
VARIABLES (all of which use the dimensions [time][latitude][longitude]):
sws_max (Maximum SeaWaterSpeed, m s**-1)
sws_ltmax (Long-term maximum SeaWaterSpeed, m s**-1)
sws_mean (Average SeaWaterSpeed, m s**-1)
sws_ltmin (Long-term minimum SeaWaterSpeed, m s**-1)
sws_min (Minimum SeaWaterSpeed, m s**-1)
sws_range (Range SeaWaterSpeed, m s**-1)
"
"sws_baseline_2000_2019_depthmean";"Bio-Oracle SeaWaterSpeed [depthMean]Baseline 2000-2019.";"Uses attributes recommended by https://cfconventions.org

cdm_data_type = Grid
VARIABLES (all of which use the dimensions [time][latitude][longitude]):
sws_max (Maximum SeaWaterSpeed, m s**-1)
sws_ltmax (Long-term maximum SeaWaterSpeed, m s**-1)
sws_mean (Average SeaWaterSpeed, m s**-1)
sws_ltmin (Long-term minimum SeaWaterSpeed, m s**-1)
sws_min (Minimum SeaWaterSpeed, m s**-1)
sws_range (Range SeaWaterSpeed, m s**-1)
"
"sws_ssp119_2020_2100_depthmean";"Bio-Oracle SeaWaterSpeed [depthMean]SSP119 2020-2100.";"Uses attributes recommended by https://cfconventions.org

cdm_data_type = Grid
VARIABLES (all of which use the dimensions [time][latitude][longitude]):
sws_max (Maximum SeaWaterSpeed, m s**-1)
sws_ltmax (Long-term maximum SeaWaterSpeed, m s**-1)
sws_mean (Average SeaWaterSpeed, m s**-1)
sws_ltmin (Long-term minimum SeaWaterSpeed, m s**-1)
sws_min (Minimum SeaWaterSpeed, m s**-1)
sws_range (Range SeaWaterSpeed, m s**-1)
"
"sws_ssp126_2020_2100_depthmean";"Bio-Oracle SeaWaterSpeed [depthMean]SSP126 2020-2100.";"Uses attributes recommended by https://cfconventions.org

cdm_data_type = Grid
VARIABLES (all of which use the dimensions [time][latitude][longitude]):
sws_max (Maximum SeaWaterSpeed, m s**-1)
sws_ltmax (Long-term maximum SeaWaterSpeed, m s**-1)
sws_mean (Average SeaWaterSpeed, m s**-1)
sws_ltmin (Long-term minimum SeaWaterSpeed, m s**-1)
sws_min (Minimum SeaWaterSpeed, m s**-1)
sws_range (Range SeaWaterSpeed, m s**-1)
"
"sws_ssp245_2020_2100_depthmean";"Bio-Oracle SeaWaterSpeed [depthMean]SSP245 2020-2100.";"Uses attributes recommended by https://cfconventions.org

cdm_data_type = Grid
VARIABLES (all of which use the dimensions [time][latitude][longitude]):
sws_max (Maximum SeaWaterSpeed, m s**-1)
sws_ltmax (Long-term maximum SeaWaterSpeed, m s**-1)
sws_mean (Average SeaWaterSpeed, m s**-1)
sws_ltmin (Long-term minimum SeaWaterSpeed, m s**-1)
sws_min (Minimum SeaWaterSpeed, m s**-1)
sws_range (Range SeaWaterSpeed, m s**-1)
"
"sws_ssp370_2020_2100_depthmean";"Bio-Oracle SeaWaterSpeed [depthMean]SSP370 2020-2100.";"Uses attributes recommended by https://cfconventions.org

cdm_data_type = Grid
VARIABLES (all of which use the dimensions [time][latitude][longitude]):
sws_max (Maximum SeaWaterSpeed, m s**-1)
sws_ltmax (Long-term maximum SeaWaterSpeed, m s**-1)
sws_mean (Average SeaWaterSpeed, m s**-1)
sws_ltmin (Long-term minimum SeaWaterSpeed, m s**-1)
sws_min (Minimum SeaWaterSpeed, m s**-1)
sws_range (Range SeaWaterSpeed, m s**-1)
"
"sws_ssp460_2020_2100_depthmean";"Bio-Oracle SeaWaterSpeed [depthMean]SSP460 2020-2100.";"Uses attributes recommended by https://cfconventions.org

cdm_data_type = Grid
VARIABLES (all of which use the dimensions [time][latitude][longitude]):
sws_max (Maximum SeaWaterSpeed, m s**-1)
sws_ltmax (Long-term maximum SeaWaterSpeed, m s**-1)
sws_mean (Average SeaWaterSpeed, m s**-1)
sws_ltmin (Long-term minimum SeaWaterSpeed, m s**-1)
sws_min (Minimum SeaWaterSpeed, m s**-1)
sws_range (Range SeaWaterSpeed, m s**-1)
"
"sws_ssp585_2020_2100_depthmean";"Bio-Oracle SeaWaterSpeed [depthMean]SSP585 2020-2100.";"Uses attributes recommended by https://cfconventions.org

cdm_data_type = Grid
VARIABLES (all of which use the dimensions [time][latitude][longitude]):
sws_max (Maximum SeaWaterSpeed, m s**-1)
sws_ltmax (Long-term maximum SeaWaterSpeed, m s**-1)
sws_mean (Average SeaWaterSpeed, m s**-1)
sws_ltmin (Long-term minimum SeaWaterSpeed, m s**-1)
sws_min (Minimum SeaWaterSpeed, m s**-1)
sws_range (Range SeaWaterSpeed, m s**-1)
"
"sws_baseline_2000_2019_depthmin";"Bio-Oracle SeaWaterSpeed [depthMin]Baseline 2000-2019.";"Uses attributes recommended by https://cfconventions.org

cdm_data_type = Grid
VARIABLES (all of which use the dimensions [time][latitude][longitude]):
sws_max (Maximum SeaWaterSpeed, m s**-1)
sws_ltmax (Long-term maximum SeaWaterSpeed, m s**-1)
sws_mean (Average SeaWaterSpeed, m s**-1)
sws_ltmin (Long-term minimum SeaWaterSpeed, m s**-1)
sws_min (Minimum SeaWaterSpeed, m s**-1)
sws_range (Range SeaWaterSpeed, m s**-1)
"
"sws_ssp119_2020_2100_depthmin";"Bio-Oracle SeaWaterSpeed [depthMin]SSP119 2020-2100.";"Uses attributes recommended by https://cfconventions.org

cdm_data_type = Grid
VARIABLES (all of which use the dimensions [time][latitude][longitude]):
sws_max (Maximum SeaWaterSpeed, m s**-1)
sws_ltmax (Long-term maximum SeaWaterSpeed, m s**-1)
sws_mean (Average SeaWaterSpeed, m s**-1)
sws_ltmin (Long-term minimum SeaWaterSpeed, m s**-1)
sws_min (Minimum SeaWaterSpeed, m s**-1)
sws_range (Range SeaWaterSpeed, m s**-1)
"
"sws_ssp126_2020_2100_depthmin";"Bio-Oracle SeaWaterSpeed [depthMin]SSP126 2020-2100.";"Uses attributes recommended by https://cfconventions.org

cdm_data_type = Grid
VARIABLES (all of which use the dimensions [time][latitude][longitude]):
sws_max (Maximum SeaWaterSpeed, m s**-1)
sws_ltmax (Long-term maximum SeaWaterSpeed, m s**-1)
sws_mean (Average SeaWaterSpeed, m s**-1)
sws_ltmin (Long-term minimum SeaWaterSpeed, m s**-1)
sws_min (Minimum SeaWaterSpeed, m s**-1)
sws_range (Range SeaWaterSpeed, m s**-1)
"
"sws_ssp245_2020_2100_depthmin";"Bio-Oracle SeaWaterSpeed [depthMin]SSP245 2020-2100.";"Uses attributes recommended by https://cfconventions.org

cdm_data_type = Grid
VARIABLES (all of which use the dimensions [time][latitude][longitude]):
sws_max (Maximum SeaWaterSpeed, m s**-1)
sws_ltmax (Long-term maximum SeaWaterSpeed, m s**-1)
sws_mean (Average SeaWaterSpeed, m s**-1)
sws_ltmin (Long-term minimum SeaWaterSpeed, m s**-1)
sws_min (Minimum SeaWaterSpeed, m s**-1)
sws_range (Range SeaWaterSpeed, m s**-1)
"
"sws_ssp370_2020_2100_depthmin";"Bio-Oracle SeaWaterSpeed [depthMin]SSP370 2020-2100.";"Uses attributes recommended by https://cfconventions.org

cdm_data_type = Grid
VARIABLES (all of which use the dimensions [time][latitude][longitude]):
sws_max (Maximum SeaWaterSpeed, m s**-1)
sws_ltmax (Long-term maximum SeaWaterSpeed, m s**-1)
sws_mean (Average SeaWaterSpeed, m s**-1)
sws_ltmin (Long-term minimum SeaWaterSpeed, m s**-1)
sws_min (Minimum SeaWaterSpeed, m s**-1)
sws_range (Range SeaWaterSpeed, m s**-1)
"
"sws_ssp460_2020_2100_depthmin";"Bio-Oracle SeaWaterSpeed [depthMin]SSP460 2020-2100.";"Uses attributes recommended by https://cfconventions.org

cdm_data_type = Grid
VARIABLES (all of which use the dimensions [time][latitude][longitude]):
sws_max (Maximum SeaWaterSpeed, m s**-1)
sws_ltmax (Long-term maximum SeaWaterSpeed, m s**-1)
sws_mean (Average SeaWaterSpeed, m s**-1)
sws_ltmin (Long-term minimum SeaWaterSpeed, m s**-1)
sws_min (Minimum SeaWaterSpeed, m s**-1)
sws_range (Range SeaWaterSpeed, m s**-1)
"
"sws_ssp585_2020_2100_depthmin";"Bio-Oracle SeaWaterSpeed [depthMin]SSP585 2020-2100.";"Uses attributes recommended by https://cfconventions.org

cdm_data_type = Grid
VARIABLES (all of which use the dimensions [time][latitude][longitude]):
sws_max (Maximum SeaWaterSpeed, m s**-1)
sws_ltmax (Long-term maximum SeaWaterSpeed, m s**-1)
sws_mean (Average SeaWaterSpeed, m s**-1)
sws_ltmin (Long-term minimum SeaWaterSpeed, m s**-1)
sws_min (Minimum SeaWaterSpeed, m s**-1)
sws_range (Range SeaWaterSpeed, m s**-1)
"
"sws_baseline_2000_2019_depthsurf";"Bio-Oracle SeaWaterSpeed [depthSurf]Baseline 2000-2019.";"Uses attributes recommended by https://cfconventions.org

cdm_data_type = Grid
VARIABLES (all of which use the dimensions [time][latitude][longitude]):
sws_max (Maximum SeaWaterSpeed, m s**-1)
sws_ltmax (Long-term maximum SeaWaterSpeed, m s**-1)
sws_mean (Average SeaWaterSpeed, m s**-1)
sws_ltmin (Long-term minimum SeaWaterSpeed, m s**-1)
sws_min (Minimum SeaWaterSpeed, m s**-1)
sws_range (Range SeaWaterSpeed, m s**-1)
"
"sws_ssp119_2020_2100_depthsurf";"Bio-Oracle SeaWaterSpeed [depthSurf]SSP119 2020-2100.";"Uses attributes recommended by https://cfconventions.org

cdm_data_type = Grid
VARIABLES (all of which use the dimensions [time][latitude][longitude]):
sws_max (Maximum SeaWaterSpeed, m s**-1)
sws_ltmax (Long-term maximum SeaWaterSpeed, m s**-1)
sws_mean (Average SeaWaterSpeed, m s**-1)
sws_ltmin (Long-term minimum SeaWaterSpeed, m s**-1)
sws_min (Minimum SeaWaterSpeed, m s**-1)
sws_range (Range SeaWaterSpeed, m s**-1)
"
"sws_ssp126_2020_2100_depthsurf";"Bio-Oracle SeaWaterSpeed [depthSurf]SSP126 2020-2100.";"Uses attributes recommended by https://cfconventions.org

cdm_data_type = Grid
VARIABLES (all of which use the dimensions [time][latitude][longitude]):
sws_max (Maximum SeaWaterSpeed, m s**-1)
sws_ltmax (Long-term maximum SeaWaterSpeed, m s**-1)
sws_mean (Average SeaWaterSpeed, m s**-1)
sws_ltmin (Long-term minimum SeaWaterSpeed, m s**-1)
sws_min (Minimum SeaWaterSpeed, m s**-1)
sws_range (Range SeaWaterSpeed, m s**-1)
"
"sws_ssp245_2020_2100_depthsurf";"Bio-Oracle SeaWaterSpeed [depthSurf]SSP245 2020-2100.";"Uses attributes recommended by https://cfconventions.org

cdm_data_type = Grid
VARIABLES (all of which use the dimensions [time][latitude][longitude]):
sws_max (Maximum SeaWaterSpeed, m s**-1)
sws_ltmax (Long-term maximum SeaWaterSpeed, m s**-1)
sws_mean (Average SeaWaterSpeed, m s**-1)
sws_ltmin (Long-term minimum SeaWaterSpeed, m s**-1)
sws_min (Minimum SeaWaterSpeed, m s**-1)
sws_range (Range SeaWaterSpeed, m s**-1)
"
"sws_ssp370_2020_2100_depthsurf";"Bio-Oracle SeaWaterSpeed [depthSurf]SSP370 2020-2100.";"Uses attributes recommended by https://cfconventions.org

cdm_data_type = Grid
VARIABLES (all of which use the dimensions [time][latitude][longitude]):
sws_max (Maximum SeaWaterSpeed, m s**-1)
sws_ltmax (Long-term maximum SeaWaterSpeed, m s**-1)
sws_mean (Average SeaWaterSpeed, m s**-1)
sws_ltmin (Long-term minimum SeaWaterSpeed, m s**-1)
sws_min (Minimum SeaWaterSpeed, m s**-1)
sws_range (Range SeaWaterSpeed, m s**-1)
"
"sws_ssp460_2020_2100_depthsurf";"Bio-Oracle SeaWaterSpeed [depthSurf]SSP460 2020-2100.";"Uses attributes recommended by https://cfconventions.org

cdm_data_type = Grid
VARIABLES (all of which use the dimensions [time][latitude][longitude]):
sws_max (Maximum SeaWaterSpeed, m s**-1)
sws_ltmax (Long-term maximum SeaWaterSpeed, m s**-1)
sws_mean (Average SeaWaterSpeed, m s**-1)
sws_ltmin (Long-term minimum SeaWaterSpeed, m s**-1)
sws_min (Minimum SeaWaterSpeed, m s**-1)
sws_range (Range SeaWaterSpeed, m s**-1)
"
"sws_ssp585_2020_2100_depthsurf";"Bio-Oracle SeaWaterSpeed [depthSurf]SSP585 2020-2100.";"Uses attributes recommended by https://cfconventions.org

cdm_data_type = Grid
VARIABLES (all of which use the dimensions [time][latitude][longitude]):
sws_max (Maximum SeaWaterSpeed, m s**-1)
sws_ltmax (Long-term maximum SeaWaterSpeed, m s**-1)
sws_mean (Average SeaWaterSpeed, m s**-1)
sws_ltmin (Long-term minimum SeaWaterSpeed, m s**-1)
sws_min (Minimum SeaWaterSpeed, m s**-1)
sws_range (Range SeaWaterSpeed, m s**-1)
"
"si_baseline_2000_2018_depthmax";"Bio-Oracle Silicate [depthMax] Baseline 2000-2018.";"Uses attributes recommended by https://cfconventions.org

cdm_data_type = Grid
VARIABLES (all of which use the dimensions [time][latitude][longitude]):
si_max (Maximum Silicate, MMol' 'M-3)
si_ltmax (Long-term maximum Silicate, MMol' 'M-3)
si_mean (Average Silicate, MMol' 'M-3)
si_ltmin (Long-term minimum Silicate, MMol' 'M-3)
si_min (Minimum Silicate, MMol' 'M-3)
si_range (Range Silicate, MMol' 'M-3)
"
"si_ssp119_2020_2100_depthmax";"Bio-Oracle Silicate [depthMax] SSP119 2020-2100.";"Uses attributes recommended by https://cfconventions.org

cdm_data_type = Grid
VARIABLES (all of which use the dimensions [time][latitude][longitude]):
si_max (Maximum Silicate, MMol' 'M-3)
si_ltmax (Long-term maximum Silicate, MMol' 'M-3)
si_mean (Average Silicate, MMol' 'M-3)
si_ltmin (Long-term minimum Silicate, MMol' 'M-3)
si_min (Minimum Silicate, MMol' 'M-3)
si_range (Range Silicate, MMol' 'M-3)
si_sd (Standard deviation Silicate, MMol' 'M-3)
"
"si_ssp126_2020_2100_depthmax";"Bio-Oracle Silicate [depthMax] SSP126 2020-2100.";"Uses attributes recommended by https://cfconventions.org

cdm_data_type = Grid
VARIABLES (all of which use the dimensions [time][latitude][longitude]):
si_max (Maximum Silicate, MMol' 'M-3)
si_ltmax (Long-term maximum Silicate, MMol' 'M-3)
si_mean (Average Silicate, MMol' 'M-3)
si_ltmin (Long-term minimum Silicate, MMol' 'M-3)
si_min (Minimum Silicate, MMol' 'M-3)
si_range (Range Silicate, MMol' 'M-3)
si_sd (Standard deviation Silicate, MMol' 'M-3)
"
"si_ssp245_2020_2100_depthmax";"Bio-Oracle Silicate [depthMax] SSP245 2020-2100.";"Uses attributes recommended by https://cfconventions.org

cdm_data_type = Grid
VARIABLES (all of which use the dimensions [time][latitude][longitude]):
si_max (Maximum Silicate, MMol' 'M-3)
si_ltmax (Long-term maximum Silicate, MMol' 'M-3)
si_mean (Average Silicate, MMol' 'M-3)
si_ltmin (Long-term minimum Silicate, MMol' 'M-3)
si_min (Minimum Silicate, MMol' 'M-3)
si_range (Range Silicate, MMol' 'M-3)
si_sd (Standard deviation Silicate, MMol' 'M-3)
"
"si_ssp370_2020_2100_depthmax";"Bio-Oracle Silicate [depthMax] SSP370 2020-2100.";"Uses attributes recommended by https://cfconventions.org

cdm_data_type = Grid
VARIABLES (all of which use the dimensions [time][latitude][longitude]):
si_max (Maximum Silicate, MMol' 'M-3)
si_ltmax (Long-term maximum Silicate, MMol' 'M-3)
si_mean (Average Silicate, MMol' 'M-3)
si_ltmin (Long-term minimum Silicate, MMol' 'M-3)
si_min (Minimum Silicate, MMol' 'M-3)
si_range (Range Silicate, MMol' 'M-3)
si_sd (Standard deviation Silicate, MMol' 'M-3)
"
"si_ssp460_2020_2100_depthmax";"Bio-Oracle Silicate [depthMax] SSP460 2020-2100.";"Uses attributes recommended by https://cfconventions.org

cdm_data_type = Grid
VARIABLES (all of which use the dimensions [time][latitude][longitude]):
si_max (Maximum Silicate, MMol' 'M-3)
si_ltmax (Long-term maximum Silicate, MMol' 'M-3)
si_mean (Average Silicate, MMol' 'M-3)
si_ltmin (Long-term minimum Silicate, MMol' 'M-3)
si_min (Minimum Silicate, MMol' 'M-3)
si_range (Range Silicate, MMol' 'M-3)
si_sd (Standard deviation Silicate, MMol' 'M-3)
"
"si_ssp585_2020_2100_depthmax";"Bio-Oracle Silicate [depthMax] SSP585 2020-2100.";"Uses attributes recommended by https://cfconventions.org

cdm_data_type = Grid
VARIABLES (all of which use the dimensions [time][latitude][longitude]):
si_max (Maximum Silicate, MMol' 'M-3)
si_ltmax (Long-term maximum Silicate, MMol' 'M-3)
si_mean (Average Silicate, MMol' 'M-3)
si_ltmin (Long-term minimum Silicate, MMol' 'M-3)
si_min (Minimum Silicate, MMol' 'M-3)
si_range (Range Silicate, MMol' 'M-3)
si_sd (Standard deviation Silicate, MMol' 'M-3)
"
"si_baseline_2000_2018_depthmean";"Bio-Oracle Silicate [depthMean] Baseline 2000-2018.";"Uses attributes recommended by https://cfconventions.org

cdm_data_type = Grid
VARIABLES (all of which use the dimensions [time][latitude][longitude]):
si_max (Maximum Silicate, MMol' 'M-3)
si_ltmax (Long-term maximum Silicate, MMol' 'M-3)
si_mean (Average Silicate, MMol' 'M-3)
si_ltmin (Long-term minimum Silicate, MMol' 'M-3)
si_min (Minimum Silicate, MMol' 'M-3)
si_range (Range Silicate, MMol' 'M-3)
"
"si_ssp119_2020_2100_depthmean";"Bio-Oracle Silicate [depthMean] SSP119 2020-2100.";"Uses attributes recommended by https://cfconventions.org

cdm_data_type = Grid
VARIABLES (all of which use the dimensions [time][latitude][longitude]):
si_max (Maximum Silicate, MMol' 'M-3)
si_ltmax (Long-term maximum Silicate, MMol' 'M-3)
si_mean (Average Silicate, MMol' 'M-3)
si_ltmin (Long-term minimum Silicate, MMol' 'M-3)
si_min (Minimum Silicate, MMol' 'M-3)
si_range (Range Silicate, MMol' 'M-3)
si_sd (Standard deviation Silicate, MMol' 'M-3)
"
"si_ssp126_2020_2100_depthmean";"Bio-Oracle Silicate [depthMean] SSP126 2020-2100.";"Uses attributes recommended by https://cfconventions.org

cdm_data_type = Grid
VARIABLES (all of which use the dimensions [time][latitude][longitude]):
si_max (Maximum Silicate, MMol' 'M-3)
si_ltmax (Long-term maximum Silicate, MMol' 'M-3)
si_mean (Average Silicate, MMol' 'M-3)
si_ltmin (Long-term minimum Silicate, MMol' 'M-3)
si_min (Minimum Silicate, MMol' 'M-3)
si_range (Range Silicate, MMol' 'M-3)
si_sd (Standard deviation Silicate, MMol' 'M-3)
"
"si_ssp245_2020_2100_depthmean";"Bio-Oracle Silicate [depthMean] SSP245 2020-2100.";"Uses attributes recommended by https://cfconventions.org

cdm_data_type = Grid
VARIABLES (all of which use the dimensions [time][latitude][longitude]):
si_max (Maximum Silicate, MMol' 'M-3)
si_ltmax (Long-term maximum Silicate, MMol' 'M-3)
si_mean (Average Silicate, MMol' 'M-3)
si_ltmin (Long-term minimum Silicate, MMol' 'M-3)
si_min (Minimum Silicate, MMol' 'M-3)
si_range (Range Silicate, MMol' 'M-3)
si_sd (Standard deviation Silicate, MMol' 'M-3)
"
"si_ssp370_2020_2100_depthmean";"Bio-Oracle Silicate [depthMean] SSP370 2020-2100.";"Uses attributes recommended by https://cfconventions.org

cdm_data_type = Grid
VARIABLES (all of which use the dimensions [time][latitude][longitude]):
si_max (Maximum Silicate, MMol' 'M-3)
si_ltmax (Long-term maximum Silicate, MMol' 'M-3)
si_mean (Average Silicate, MMol' 'M-3)
si_ltmin (Long-term minimum Silicate, MMol' 'M-3)
si_min (Minimum Silicate, MMol' 'M-3)
si_range (Range Silicate, MMol' 'M-3)
si_sd (Standard deviation Silicate, MMol' 'M-3)
"
"si_ssp460_2020_2100_depthmean";"Bio-Oracle Silicate [depthMean] SSP460 2020-2100.";"Uses attributes recommended by https://cfconventions.org

cdm_data_type = Grid
VARIABLES (all of which use the dimensions [time][latitude][longitude]):
si_max (Maximum Silicate, MMol' 'M-3)
si_ltmax (Long-term maximum Silicate, MMol' 'M-3)
si_mean (Average Silicate, MMol' 'M-3)
si_ltmin (Long-term minimum Silicate, MMol' 'M-3)
si_min (Minimum Silicate, MMol' 'M-3)
si_range (Range Silicate, MMol' 'M-3)
si_sd (Standard deviation Silicate, MMol' 'M-3)
"
"si_ssp585_2020_2100_depthmean";"Bio-Oracle Silicate [depthMean] SSP585 2020-2100.";"Uses attributes recommended by https://cfconventions.org

cdm_data_type = Grid
VARIABLES (all of which use the dimensions [time][latitude][longitude]):
si_max (Maximum Silicate, MMol' 'M-3)
si_ltmax (Long-term maximum Silicate, MMol' 'M-3)
si_mean (Average Silicate, MMol' 'M-3)
si_ltmin (Long-term minimum Silicate, MMol' 'M-3)
si_min (Minimum Silicate, MMol' 'M-3)
si_range (Range Silicate, MMol' 'M-3)
si_sd (Standard deviation Silicate, MMol' 'M-3)
"
"si_baseline_2000_2018_depthmin";"Bio-Oracle Silicate [depthMin] Baseline 2000-2018.";"Uses attributes recommended by https://cfconventions.org

cdm_data_type = Grid
VARIABLES (all of which use the dimensions [time][latitude][longitude]):
si_max (Maximum Silicate, MMol' 'M-3)
si_ltmax (Long-term maximum Silicate, MMol' 'M-3)
si_mean (Average Silicate, MMol' 'M-3)
si_ltmin (Long-term minimum Silicate, MMol' 'M-3)
si_min (Minimum Silicate, MMol' 'M-3)
si_range (Range Silicate, MMol' 'M-3)
"
"si_ssp119_2020_2100_depthmin";"Bio-Oracle Silicate [depthMin] SSP119 2020-2100.";"Uses attributes recommended by https://cfconventions.org

cdm_data_type = Grid
VARIABLES (all of which use the dimensions [time][latitude][longitude]):
si_max (Maximum Silicate, MMol' 'M-3)
si_ltmax (Long-term maximum Silicate, MMol' 'M-3)
si_mean (Average Silicate, MMol' 'M-3)
si_ltmin (Long-term minimum Silicate, MMol' 'M-3)
si_min (Minimum Silicate, MMol' 'M-3)
si_range (Range Silicate, MMol' 'M-3)
si_sd (Standard deviation Silicate, MMol' 'M-3)
"
"si_ssp126_2020_2100_depthmin";"Bio-Oracle Silicate [depthMin] SSP126 2020-2100.";"Uses attributes recommended by https://cfconventions.org

cdm_data_type = Grid
VARIABLES (all of which use the dimensions [time][latitude][longitude]):
si_max (Maximum Silicate, MMol' 'M-3)
si_ltmax (Long-term maximum Silicate, MMol' 'M-3)
si_mean (Average Silicate, MMol' 'M-3)
si_ltmin (Long-term minimum Silicate, MMol' 'M-3)
si_min (Minimum Silicate, MMol' 'M-3)
si_range (Range Silicate, MMol' 'M-3)
si_sd (Standard deviation Silicate, MMol' 'M-3)
"
"si_ssp245_2020_2100_depthmin";"Bio-Oracle Silicate [depthMin] SSP245 2020-2100.";"Uses attributes recommended by https://cfconventions.org

cdm_data_type = Grid
VARIABLES (all of which use the dimensions [time][latitude][longitude]):
si_max (Maximum Silicate, MMol' 'M-3)
si_ltmax (Long-term maximum Silicate, MMol' 'M-3)
si_mean (Average Silicate, MMol' 'M-3)
si_ltmin (Long-term minimum Silicate, MMol' 'M-3)
si_min (Minimum Silicate, MMol' 'M-3)
si_range (Range Silicate, MMol' 'M-3)
si_sd (Standard deviation Silicate, MMol' 'M-3)
"
"si_ssp370_2020_2100_depthmin";"Bio-Oracle Silicate [depthMin] SSP370 2020-2100.";"Uses attributes recommended by https://cfconventions.org

cdm_data_type = Grid
VARIABLES (all of which use the dimensions [time][latitude][longitude]):
si_max (Maximum Silicate, MMol' 'M-3)
si_ltmax (Long-term maximum Silicate, MMol' 'M-3)
si_mean (Average Silicate, MMol' 'M-3)
si_ltmin (Long-term minimum Silicate, MMol' 'M-3)
si_min (Minimum Silicate, MMol' 'M-3)
si_range (Range Silicate, MMol' 'M-3)
si_sd (Standard deviation Silicate, MMol' 'M-3)
"
"si_ssp460_2020_2100_depthmin";"Bio-Oracle Silicate [depthMin] SSP460 2020-2100.";"Uses attributes recommended by https://cfconventions.org

cdm_data_type = Grid
VARIABLES (all of which use the dimensions [time][latitude][longitude]):
si_max (Maximum Silicate, MMol' 'M-3)
si_ltmax (Long-term maximum Silicate, MMol' 'M-3)
si_mean (Average Silicate, MMol' 'M-3)
si_ltmin (Long-term minimum Silicate, MMol' 'M-3)
si_min (Minimum Silicate, MMol' 'M-3)
si_range (Range Silicate, MMol' 'M-3)
si_sd (Standard deviation Silicate, MMol' 'M-3)
"
"si_ssp585_2020_2100_depthmin";"Bio-Oracle Silicate [depthMin] SSP585 2020-2100.";"Uses attributes recommended by https://cfconventions.org

cdm_data_type = Grid
VARIABLES (all of which use the dimensions [time][latitude][longitude]):
si_max (Maximum Silicate, MMol' 'M-3)
si_ltmax (Long-term maximum Silicate, MMol' 'M-3)
si_mean (Average Silicate, MMol' 'M-3)
si_ltmin (Long-term minimum Silicate, MMol' 'M-3)
si_min (Minimum Silicate, MMol' 'M-3)
si_range (Range Silicate, MMol' 'M-3)
si_sd (Standard deviation Silicate, MMol' 'M-3)
"
"si_baseline_2000_2018_depthsurf";"Bio-Oracle Silicate [depthSurf] Baseline 2000-2018.";"Uses attributes recommended by https://cfconventions.org

cdm_data_type = Grid
VARIABLES (all of which use the dimensions [time][latitude][longitude]):
si_max (Maximum Silicate, MMol' 'M-3)
si_ltmax (Long-term maximum Silicate, MMol' 'M-3)
si_mean (Average Silicate, MMol' 'M-3)
si_ltmin (Long-term minimum Silicate, MMol' 'M-3)
si_min (Minimum Silicate, MMol' 'M-3)
si_range (Range Silicate, MMol' 'M-3)
"
"si_ssp119_2020_2100_depthsurf";"Bio-Oracle Silicate [depthSurf] SSP119 2020-2100.";"Uses attributes recommended by https://cfconventions.org

cdm_data_type = Grid
VARIABLES (all of which use the dimensions [time][latitude][longitude]):
si_max (Maximum Silicate, MMol' 'M-3)
si_ltmax (Long-term maximum Silicate, MMol' 'M-3)
si_mean (Average Silicate, MMol' 'M-3)
si_ltmin (Long-term minimum Silicate, MMol' 'M-3)
si_min (Minimum Silicate, MMol' 'M-3)
si_range (Range Silicate, MMol' 'M-3)
si_sd (Standard deviation Silicate, MMol' 'M-3)
"
"si_ssp126_2020_2100_depthsurf";"Bio-Oracle Silicate [depthSurf] SSP126 2020-2100.";"Uses attributes recommended by https://cfconventions.org

cdm_data_type = Grid
VARIABLES (all of which use the dimensions [time][latitude][longitude]):
si_max (Maximum Silicate, MMol' 'M-3)
si_ltmax (Long-term maximum Silicate, MMol' 'M-3)
si_mean (Average Silicate, MMol' 'M-3)
si_ltmin (Long-term minimum Silicate, MMol' 'M-3)
si_min (Minimum Silicate, MMol' 'M-3)
si_range (Range Silicate, MMol' 'M-3)
si_sd (Standard deviation Silicate, MMol' 'M-3)
"
"si_ssp245_2020_2100_depthsurf";"Bio-Oracle Silicate [depthSurf] SSP245 2020-2100.";"Uses attributes recommended by https://cfconventions.org

cdm_data_type = Grid
VARIABLES (all of which use the dimensions [time][latitude][longitude]):
si_max (Maximum Silicate, MMol' 'M-3)
si_ltmax (Long-term maximum Silicate, MMol' 'M-3)
si_mean (Average Silicate, MMol' 'M-3)
si_ltmin (Long-term minimum Silicate, MMol' 'M-3)
si_min (Minimum Silicate, MMol' 'M-3)
si_range (Range Silicate, MMol' 'M-3)
si_sd (Standard deviation Silicate, MMol' 'M-3)
"
"si_ssp370_2020_2100_depthsurf";"Bio-Oracle Silicate [depthSurf] SSP370 2020-2100.";"Uses attributes recommended by https://cfconventions.org

cdm_data_type = Grid
VARIABLES (all of which use the dimensions [time][latitude][longitude]):
si_max (Maximum Silicate, MMol' 'M-3)
si_ltmax (Long-term maximum Silicate, MMol' 'M-3)
si_mean (Average Silicate, MMol' 'M-3)
si_ltmin (Long-term minimum Silicate, MMol' 'M-3)
si_min (Minimum Silicate, MMol' 'M-3)
si_range (Range Silicate, MMol' 'M-3)
si_sd (Standard deviation Silicate, MMol' 'M-3)
"
"si_ssp460_2020_2100_depthsurf";"Bio-Oracle Silicate [depthSurf] SSP460 2020-2100.";"Uses attributes recommended by https://cfconventions.org

cdm_data_type = Grid
VARIABLES (all of which use the dimensions [time][latitude][longitude]):
si_max (Maximum Silicate, MMol' 'M-3)
si_ltmax (Long-term maximum Silicate, MMol' 'M-3)
si_mean (Average Silicate, MMol' 'M-3)
si_ltmin (Long-term minimum Silicate, MMol' 'M-3)
si_min (Minimum Silicate, MMol' 'M-3)
si_range (Range Silicate, MMol' 'M-3)
si_sd (Standard deviation Silicate, MMol' 'M-3)
"
"si_ssp585_2020_2100_depthsurf";"Bio-Oracle Silicate [depthSurf] SSP585 2020-2100.";"Uses attributes recommended by https://cfconventions.org

cdm_data_type = Grid
VARIABLES (all of which use the dimensions [time][latitude][longitude]):
si_max (Maximum Silicate, MMol' 'M-3)
si_ltmax (Long-term maximum Silicate, MMol' 'M-3)
si_mean (Average Silicate, MMol' 'M-3)
si_ltmin (Long-term minimum Silicate, MMol' 'M-3)
si_min (Minimum Silicate, MMol' 'M-3)
si_range (Range Silicate, MMol' 'M-3)
si_sd (Standard deviation Silicate, MMol' 'M-3)
"
"terrain_characteristics";"Bio-Oracle Terrain characteristics [Benthic].";"Uses attributes recommended by https://cfconventions.org

cdm_data_type = Grid
VARIABLES (all of which use the dimensions [time][latitude][longitude]):
landmass (1)
coastline (1)
bathymetry_min (m)
bathymetry_mean (m)
bathymetry_max (m)
area (m2)
slope (degree)
aspect (degree)
topographic_position_index (1)
terrain_ruggedness_index (1)
"
"clt_baseline_2000_2020_depthsurf";"Bio-Oracle TotalCloudFraction [depthSurf] Baseline 2000-2020.";"Uses attributes recommended by https://cfconventions.org

cdm_data_type = Grid
VARIABLES (all of which use the dimensions [time][latitude][longitude]):
clt_max (Maximum TotalCloudFraction, (0 - 1))
clt_ltmax (Long-term maximum TotalCloudFraction, (0 - 1))
clt_mean (Average TotalCloudFraction, (0 - 1))
clt_ltmin (Long-term minimum TotalCloudFraction, (0 - 1))
clt_min (Minimum TotalCloudFraction, (0 - 1))
clt_range (Range TotalCloudFraction, (0 - 1))
"
"clt_ssp119_2020_2100_depthsurf";"Bio-Oracle TotalCloudFraction [depthSurf] SSP119 2020-2100.";"Uses attributes recommended by https://cfconventions.org

cdm_data_type = Grid
VARIABLES (all of which use the dimensions [time][latitude][longitude]):
clt_max (Maximum TotalCloudFraction, 1)
clt_ltmax (Long-term maximum TotalCloudFraction, 1)
clt_mean (Average TotalCloudFraction, 1)
clt_ltmin (Long-term minimum TotalCloudFraction, 1)
clt_min (Minimum TotalCloudFraction, 1)
clt_range (Range TotalCloudFraction, 1)
clt_sd (Standard deviation TotalCloudFraction, 1)
"
"clt_ssp126_2020_2100_depthsurf";"Bio-Oracle TotalCloudFraction [depthSurf] SSP126 2020-2100.";"Uses attributes recommended by https://cfconventions.org

cdm_data_type = Grid
VARIABLES (all of which use the dimensions [time][latitude][longitude]):
clt_max (Maximum TotalCloudFraction, 1)
clt_ltmax (Long-term maximum TotalCloudFraction, 1)
clt_mean (Average TotalCloudFraction, 1)
clt_ltmin (Long-term minimum TotalCloudFraction, 1)
clt_min (Minimum TotalCloudFraction, 1)
clt_range (Range TotalCloudFraction, 1)
clt_sd (Standard deviation TotalCloudFraction, 1)
"
"clt_ssp245_2020_2100_depthsurf";"Bio-Oracle TotalCloudFraction [depthSurf] SSP245 2020-2100.";"Uses attributes recommended by https://cfconventions.org

cdm_data_type = Grid
VARIABLES (all of which use the dimensions [time][latitude][longitude]):
clt_max (Maximum TotalCloudFraction, 1)
clt_ltmax (Long-term maximum TotalCloudFraction, 1)
clt_mean (Average TotalCloudFraction, 1)
clt_ltmin (Long-term minimum TotalCloudFraction, 1)
clt_min (Minimum TotalCloudFraction, 1)
clt_range (Range TotalCloudFraction, 1)
clt_sd (Standard deviation TotalCloudFraction, 1)
"
"clt_ssp370_2020_2100_depthsurf";"Bio-Oracle TotalCloudFraction [depthSurf] SSP370 2020-2100.";"Uses attributes recommended by https://cfconventions.org

cdm_data_type = Grid
VARIABLES (all of which use the dimensions [time][latitude][longitude]):
clt_max (Maximum TotalCloudFraction, 1)
clt_ltmax (Long-term maximum TotalCloudFraction, 1)
clt_mean (Average TotalCloudFraction, 1)
clt_ltmin (Long-term minimum TotalCloudFraction, 1)
clt_min (Minimum TotalCloudFraction, 1)
clt_range (Range TotalCloudFraction, 1)
clt_sd (Standard deviation TotalCloudFraction, 1)
"
"clt_ssp460_2020_2100_depthsurf";"Bio-Oracle TotalCloudFraction [depthSurf] SSP460 2020-2100.";"Uses attributes recommended by https://cfconventions.org

cdm_data_type = Grid
VARIABLES (all of which use the dimensions [time][latitude][longitude]):
clt_max (Maximum TotalCloudFraction, 1)
clt_ltmax (Long-term maximum TotalCloudFraction, 1)
clt_mean (Average TotalCloudFraction, 1)
clt_ltmin (Long-term minimum TotalCloudFraction, 1)
clt_min (Minimum TotalCloudFraction, 1)
clt_range (Range TotalCloudFraction, 1)
clt_sd (Standard deviation TotalCloudFraction, 1)
"
"clt_ssp585_2020_2100_depthsurf";"Bio-Oracle TotalCloudFraction [depthSurf] SSP585 2020-2100.";"Uses attributes recommended by https://cfconventions.org

cdm_data_type = Grid
VARIABLES (all of which use the dimensions [time][latitude][longitude]):
clt_max (Maximum TotalCloudFraction, 1)
clt_ltmax (Long-term maximum TotalCloudFraction, 1)
clt_mean (Average TotalCloudFraction, 1)
clt_ltmin (Long-term minimum TotalCloudFraction, 1)
clt_min (Minimum TotalCloudFraction, 1)
clt_range (Range TotalCloudFraction, 1)
clt_sd (Standard deviation TotalCloudFraction, 1)
"
"phyc_baseline_2000_2020_depthmax";"Bio-Oracle TotalPhytoplankton [depthMax] Baseline 2000-2020.";"Uses attributes recommended by https://cfconventions.org

cdm_data_type = Grid
VARIABLES (all of which use the dimensions [time][latitude][longitude]):
phyc_max (Maximum TotalPhytoplankton, MMol' 'M-3)
phyc_ltmax (Long-term maximum TotalPhytoplankton, MMol' 'M-3)
phyc_mean (Average TotalPhytoplankton, MMol' 'M-3)
phyc_ltmin (Long-term minimum TotalPhytoplankton, MMol' 'M-3)
phyc_min (Minimum TotalPhytoplankton, MMol' 'M-3)
phyc_range (Range TotalPhytoplankton, MMol' 'M-3)
"
"phyc_ssp119_2020_2100_depthmax";"Bio-Oracle TotalPhytoplankton [depthMax] SSP119 2020-2100.";"Uses attributes recommended by https://cfconventions.org

cdm_data_type = Grid
VARIABLES (all of which use the dimensions [time][latitude][longitude]):
phyc_max (Maximum TotalPhytoplankton, MMol' 'M-3)
phyc_ltmax (Long-term maximum TotalPhytoplankton, MMol' 'M-3)
phyc_mean (Average TotalPhytoplankton, MMol' 'M-3)
phyc_ltmin (Long-term minimum TotalPhytoplankton, MMol' 'M-3)
phyc_min (Minimum TotalPhytoplankton, MMol' 'M-3)
phyc_range (Range TotalPhytoplankton, MMol' 'M-3)
phyc_sd (Standard deviation TotalPhytoplankton, MMol' 'M-3)
"
"phyc_ssp245_2020_2100_depthmax";"Bio-Oracle TotalPhytoplankton [depthMax] SSP245 2020-2100.";"Uses attributes recommended by https://cfconventions.org

cdm_data_type = Grid
VARIABLES (all of which use the dimensions [time][latitude][longitude]):
phyc_max (Maximum TotalPhytoplankton, MMol' 'M-3)
phyc_ltmax (Long-term maximum TotalPhytoplankton, MMol' 'M-3)
phyc_mean (Average TotalPhytoplankton, MMol' 'M-3)
phyc_ltmin (Long-term minimum TotalPhytoplankton, MMol' 'M-3)
phyc_min (Minimum TotalPhytoplankton, MMol' 'M-3)
phyc_range (Range TotalPhytoplankton, MMol' 'M-3)
phyc_sd (Standard deviation TotalPhytoplankton, MMol' 'M-3)
"
"phyc_ssp370_2020_2100_depthmax";"Bio-Oracle TotalPhytoplankton [depthMax] SSP370 2020-2100.";"Uses attributes recommended by https://cfconventions.org

cdm_data_type = Grid
VARIABLES (all of which use the dimensions [time][latitude][longitude]):
phyc_max (Maximum TotalPhytoplankton, MMol' 'M-3)
phyc_ltmax (Long-term maximum TotalPhytoplankton, MMol' 'M-3)
phyc_mean (Average TotalPhytoplankton, MMol' 'M-3)
phyc_ltmin (Long-term minimum TotalPhytoplankton, MMol' 'M-3)
phyc_min (Minimum TotalPhytoplankton, MMol' 'M-3)
phyc_range (Range TotalPhytoplankton, MMol' 'M-3)
phyc_sd (Standard deviation TotalPhytoplankton, MMol' 'M-3)
"
"phyc_ssp460_2020_2100_depthmax";"Bio-Oracle TotalPhytoplankton [depthMax] SSP460 2020-2100.";"Uses attributes recommended by https://cfconventions.org

cdm_data_type = Grid
VARIABLES (all of which use the dimensions [time][latitude][longitude]):
phyc_max (Maximum TotalPhytoplankton, MMol' 'M-3)
phyc_ltmax (Long-term maximum TotalPhytoplankton, MMol' 'M-3)
phyc_mean (Average TotalPhytoplankton, MMol' 'M-3)
phyc_ltmin (Long-term minimum TotalPhytoplankton, MMol' 'M-3)
phyc_min (Minimum TotalPhytoplankton, MMol' 'M-3)
phyc_range (Range TotalPhytoplankton, MMol' 'M-3)
phyc_sd (Standard deviation TotalPhytoplankton, MMol' 'M-3)
"
"phyc_ssp585_2020_2100_depthmax";"Bio-Oracle TotalPhytoplankton [depthMax] SSP585 2020-2100.";"Uses attributes recommended by https://cfconventions.org

cdm_data_type = Grid
VARIABLES (all of which use the dimensions [time][latitude][longitude]):
phyc_max (Maximum TotalPhytoplankton, MMol' 'M-3)
phyc_ltmax (Long-term maximum TotalPhytoplankton, MMol' 'M-3)
phyc_mean (Average TotalPhytoplankton, MMol' 'M-3)
phyc_ltmin (Long-term minimum TotalPhytoplankton, MMol' 'M-3)
phyc_min (Minimum TotalPhytoplankton, MMol' 'M-3)
phyc_range (Range TotalPhytoplankton, MMol' 'M-3)
phyc_sd (Standard deviation TotalPhytoplankton, MMol' 'M-3)
"
"phyc_baseline_2000_2020_depthmean";"Bio-Oracle TotalPhytoplankton [depthMean] Baseline 2000-2020.";"Uses attributes recommended by https://cfconventions.org

cdm_data_type = Grid
VARIABLES (all of which use the dimensions [time][latitude][longitude]):
phyc_max (Maximum TotalPhytoplankton, MMol' 'M-3)
phyc_ltmax (Long-term maximum TotalPhytoplankton, MMol' 'M-3)
phyc_mean (Average TotalPhytoplankton, MMol' 'M-3)
phyc_ltmin (Long-term minimum TotalPhytoplankton, MMol' 'M-3)
phyc_min (Minimum TotalPhytoplankton, MMol' 'M-3)
phyc_range (Range TotalPhytoplankton, MMol' 'M-3)
"
"phyc_ssp119_2020_2100_depthmean";"Bio-Oracle TotalPhytoplankton [depthMean] SSP119 2020-2100.";"Uses attributes recommended by https://cfconventions.org

cdm_data_type = Grid
VARIABLES (all of which use the dimensions [time][latitude][longitude]):
phyc_max (Maximum TotalPhytoplankton, MMol' 'M-3)
phyc_ltmax (Long-term maximum TotalPhytoplankton, MMol' 'M-3)
phyc_mean (Average TotalPhytoplankton, MMol' 'M-3)
phyc_ltmin (Long-term minimum TotalPhytoplankton, MMol' 'M-3)
phyc_min (Minimum TotalPhytoplankton, MMol' 'M-3)
phyc_range (Range TotalPhytoplankton, MMol' 'M-3)
phyc_sd (Standard deviation TotalPhytoplankton, MMol' 'M-3)
"
"phyc_ssp245_2020_2100_depthmean";"Bio-Oracle TotalPhytoplankton [depthMean] SSP245 2020-2100.";"Uses attributes recommended by https://cfconventions.org

cdm_data_type = Grid
VARIABLES (all of which use the dimensions [time][latitude][longitude]):
phyc_max (Maximum TotalPhytoplankton, MMol' 'M-3)
phyc_ltmax (Long-term maximum TotalPhytoplankton, MMol' 'M-3)
phyc_mean (Average TotalPhytoplankton, MMol' 'M-3)
phyc_ltmin (Long-term minimum TotalPhytoplankton, MMol' 'M-3)
phyc_min (Minimum TotalPhytoplankton, MMol' 'M-3)
phyc_range (Range TotalPhytoplankton, MMol' 'M-3)
phyc_sd (Standard deviation TotalPhytoplankton, MMol' 'M-3)
"
"phyc_ssp370_2020_2100_depthmean";"Bio-Oracle TotalPhytoplankton [depthMean] SSP370 2020-2100.";"Uses attributes recommended by https://cfconventions.org

cdm_data_type = Grid
VARIABLES (all of which use the dimensions [time][latitude][longitude]):
phyc_max (Maximum TotalPhytoplankton, MMol' 'M-3)
phyc_ltmax (Long-term maximum TotalPhytoplankton, MMol' 'M-3)
phyc_mean (Average TotalPhytoplankton, MMol' 'M-3)
phyc_ltmin (Long-term minimum TotalPhytoplankton, MMol' 'M-3)
phyc_min (Minimum TotalPhytoplankton, MMol' 'M-3)
phyc_range (Range TotalPhytoplankton, MMol' 'M-3)
phyc_sd (Standard deviation TotalPhytoplankton, MMol' 'M-3)
"
"phyc_ssp460_2020_2100_depthmean";"Bio-Oracle TotalPhytoplankton [depthMean] SSP460 2020-2100.";"Uses attributes recommended by https://cfconventions.org

cdm_data_type = Grid
VARIABLES (all of which use the dimensions [time][latitude][longitude]):
phyc_max (Maximum TotalPhytoplankton, MMol' 'M-3)
phyc_ltmax (Long-term maximum TotalPhytoplankton, MMol' 'M-3)
phyc_mean (Average TotalPhytoplankton, MMol' 'M-3)
phyc_ltmin (Long-term minimum TotalPhytoplankton, MMol' 'M-3)
phyc_min (Minimum TotalPhytoplankton, MMol' 'M-3)
phyc_range (Range TotalPhytoplankton, MMol' 'M-3)
phyc_sd (Standard deviation TotalPhytoplankton, MMol' 'M-3)
"
"phyc_ssp585_2020_2100_depthmean";"Bio-Oracle TotalPhytoplankton [depthMean] SSP585 2020-2100.";"Uses attributes recommended by https://cfconventions.org

cdm_data_type = Grid
VARIABLES (all of which use the dimensions [time][latitude][longitude]):
phyc_max (Maximum TotalPhytoplankton, MMol' 'M-3)
phyc_ltmax (Long-term maximum TotalPhytoplankton, MMol' 'M-3)
phyc_mean (Average TotalPhytoplankton, MMol' 'M-3)
phyc_ltmin (Long-term minimum TotalPhytoplankton, MMol' 'M-3)
phyc_min (Minimum TotalPhytoplankton, MMol' 'M-3)
phyc_range (Range TotalPhytoplankton, MMol' 'M-3)
phyc_sd (Standard deviation TotalPhytoplankton, MMol' 'M-3)
"
"phyc_baseline_2000_2020_depthmin";"Bio-Oracle TotalPhytoplankton [depthMin] Baseline 2000-2020.";"Uses attributes recommended by https://cfconventions.org

cdm_data_type = Grid
VARIABLES (all of which use the dimensions [time][latitude][longitude]):
phyc_max (Maximum TotalPhytoplankton, MMol' 'M-3)
phyc_ltmax (Long-term maximum TotalPhytoplankton, MMol' 'M-3)
phyc_mean (Average TotalPhytoplankton, MMol' 'M-3)
phyc_ltmin (Long-term minimum TotalPhytoplankton, MMol' 'M-3)
phyc_min (Minimum TotalPhytoplankton, MMol' 'M-3)
phyc_range (Range TotalPhytoplankton, MMol' 'M-3)
"
"phyc_ssp119_2020_2100_depthmin";"Bio-Oracle TotalPhytoplankton [depthMin] SSP119 2020-2100.";"Uses attributes recommended by https://cfconventions.org

cdm_data_type = Grid
VARIABLES (all of which use the dimensions [time][latitude][longitude]):
phyc_max (Maximum TotalPhytoplankton, MMol' 'M-3)
phyc_ltmax (Long-term maximum TotalPhytoplankton, MMol' 'M-3)
phyc_mean (Average TotalPhytoplankton, MMol' 'M-3)
phyc_ltmin (Long-term minimum TotalPhytoplankton, MMol' 'M-3)
phyc_min (Minimum TotalPhytoplankton, MMol' 'M-3)
phyc_range (Range TotalPhytoplankton, MMol' 'M-3)
phyc_sd (Standard deviation TotalPhytoplankton, MMol' 'M-3)
"
"phyc_ssp245_2020_2100_depthmin";"Bio-Oracle TotalPhytoplankton [depthMin] SSP245 2020-2100.";"Uses attributes recommended by https://cfconventions.org

cdm_data_type = Grid
VARIABLES (all of which use the dimensions [time][latitude][longitude]):
phyc_max (Maximum TotalPhytoplankton, MMol' 'M-3)
phyc_ltmax (Long-term maximum TotalPhytoplankton, MMol' 'M-3)
phyc_mean (Average TotalPhytoplankton, MMol' 'M-3)
phyc_ltmin (Long-term minimum TotalPhytoplankton, MMol' 'M-3)
phyc_min (Minimum TotalPhytoplankton, MMol' 'M-3)
phyc_range (Range TotalPhytoplankton, MMol' 'M-3)
phyc_sd (Standard deviation TotalPhytoplankton, MMol' 'M-3)
"
"phyc_ssp370_2020_2100_depthmin";"Bio-Oracle TotalPhytoplankton [depthMin] SSP370 2020-2100.";"Uses attributes recommended by https://cfconventions.org

cdm_data_type = Grid
VARIABLES (all of which use the dimensions [time][latitude][longitude]):
phyc_max (Maximum TotalPhytoplankton, MMol' 'M-3)
phyc_ltmax (Long-term maximum TotalPhytoplankton, MMol' 'M-3)
phyc_mean (Average TotalPhytoplankton, MMol' 'M-3)
phyc_ltmin (Long-term minimum TotalPhytoplankton, MMol' 'M-3)
phyc_min (Minimum TotalPhytoplankton, MMol' 'M-3)
phyc_range (Range TotalPhytoplankton, MMol' 'M-3)
phyc_sd (Standard deviation TotalPhytoplankton, MMol' 'M-3)
"
"phyc_ssp460_2020_2100_depthmin";"Bio-Oracle TotalPhytoplankton [depthMin] SSP460 2020-2100.";"Uses attributes recommended by https://cfconventions.org

cdm_data_type = Grid
VARIABLES (all of which use the dimensions [time][latitude][longitude]):
phyc_max (Maximum TotalPhytoplankton, MMol' 'M-3)
phyc_ltmax (Long-term maximum TotalPhytoplankton, MMol' 'M-3)
phyc_mean (Average TotalPhytoplankton, MMol' 'M-3)
phyc_ltmin (Long-term minimum TotalPhytoplankton, MMol' 'M-3)
phyc_min (Minimum TotalPhytoplankton, MMol' 'M-3)
phyc_range (Range TotalPhytoplankton, MMol' 'M-3)
phyc_sd (Standard deviation TotalPhytoplankton, MMol' 'M-3)
"
"phyc_ssp585_2020_2100_depthmin";"Bio-Oracle TotalPhytoplankton [depthMin] SSP585 2020-2100.";"Uses attributes recommended by https://cfconventions.org

cdm_data_type = Grid
VARIABLES (all of which use the dimensions [time][latitude][longitude]):
phyc_max (Maximum TotalPhytoplankton, MMol' 'M-3)
phyc_ltmax (Long-term maximum TotalPhytoplankton, MMol' 'M-3)
phyc_mean (Average TotalPhytoplankton, MMol' 'M-3)
phyc_ltmin (Long-term minimum TotalPhytoplankton, MMol' 'M-3)
phyc_min (Minimum TotalPhytoplankton, MMol' 'M-3)
phyc_range (Range TotalPhytoplankton, MMol' 'M-3)
phyc_sd (Standard deviation TotalPhytoplankton, MMol' 'M-3)
"
"phyc_baseline_2000_2020_depthsurf";"Bio-Oracle TotalPhytoplankton [depthSurf] Baseline 2000-2020.";"Uses attributes recommended by https://cfconventions.org

cdm_data_type = Grid
VARIABLES (all of which use the dimensions [time][latitude][longitude]):
phyc_max (Maximum TotalPhytoplankton, MMol' 'M-3)
phyc_ltmax (Long-term maximum TotalPhytoplankton, MMol' 'M-3)
phyc_mean (Average TotalPhytoplankton, MMol' 'M-3)
phyc_ltmin (Long-term minimum TotalPhytoplankton, MMol' 'M-3)
phyc_min (Minimum TotalPhytoplankton, MMol' 'M-3)
phyc_range (Range TotalPhytoplankton, MMol' 'M-3)
"
"phyc_ssp119_2020_2100_depthsurf";"Bio-Oracle TotalPhytoplankton [depthSurf] SSP119 2020-2100.";"Uses attributes recommended by https://cfconventions.org

cdm_data_type = Grid
VARIABLES (all of which use the dimensions [time][latitude][longitude]):
phyc_max (Maximum TotalPhytoplankton, MMol' 'M-3)
phyc_ltmax (Long-term maximum TotalPhytoplankton, MMol' 'M-3)
phyc_mean (Average TotalPhytoplankton, MMol' 'M-3)
phyc_ltmin (Long-term minimum TotalPhytoplankton, MMol' 'M-3)
phyc_min (Minimum TotalPhytoplankton, MMol' 'M-3)
phyc_range (Range TotalPhytoplankton, MMol' 'M-3)
phyc_sd (Standard deviation TotalPhytoplankton, MMol' 'M-3)
"
"phyc_ssp245_2020_2100_depthsurf";"Bio-Oracle TotalPhytoplankton [depthSurf] SSP245 2020-2100.";"Uses attributes recommended by https://cfconventions.org

cdm_data_type = Grid
VARIABLES (all of which use the dimensions [time][latitude][longitude]):
phyc_max (Maximum TotalPhytoplankton, MMol' 'M-3)
phyc_ltmax (Long-term maximum TotalPhytoplankton, MMol' 'M-3)
phyc_mean (Average TotalPhytoplankton, MMol' 'M-3)
phyc_ltmin (Long-term minimum TotalPhytoplankton, MMol' 'M-3)
phyc_min (Minimum TotalPhytoplankton, MMol' 'M-3)
phyc_range (Range TotalPhytoplankton, MMol' 'M-3)
phyc_sd (Standard deviation TotalPhytoplankton, MMol' 'M-3)
"
"phyc_ssp370_2020_2100_depthsurf";"Bio-Oracle TotalPhytoplankton [depthSurf] SSP370 2020-2100.";"Uses attributes recommended by https://cfconventions.org

cdm_data_type = Grid
VARIABLES (all of which use the dimensions [time][latitude][longitude]):
phyc_max (Maximum TotalPhytoplankton, MMol' 'M-3)
phyc_ltmax (Long-term maximum TotalPhytoplankton, MMol' 'M-3)
phyc_mean (Average TotalPhytoplankton, MMol' 'M-3)
phyc_ltmin (Long-term minimum TotalPhytoplankton, MMol' 'M-3)
phyc_min (Minimum TotalPhytoplankton, MMol' 'M-3)
phyc_range (Range TotalPhytoplankton, MMol' 'M-3)
phyc_sd (Standard deviation TotalPhytoplankton, MMol' 'M-3)
"
"phyc_ssp460_2020_2100_depthsurf";"Bio-Oracle TotalPhytoplankton [depthSurf] SSP460 2020-2100.";"Uses attributes recommended by https://cfconventions.org

cdm_data_type = Grid
VARIABLES (all of which use the dimensions [time][latitude][longitude]):
phyc_max (Maximum TotalPhytoplankton, MMol' 'M-3)
phyc_ltmax (Long-term maximum TotalPhytoplankton, MMol' 'M-3)
phyc_mean (Average TotalPhytoplankton, MMol' 'M-3)
phyc_ltmin (Long-term minimum TotalPhytoplankton, MMol' 'M-3)
phyc_min (Minimum TotalPhytoplankton, MMol' 'M-3)
phyc_range (Range TotalPhytoplankton, MMol' 'M-3)
phyc_sd (Standard deviation TotalPhytoplankton, MMol' 'M-3)
"
"phyc_ssp585_2020_2100_depthsurf";"Bio-Oracle TotalPhytoplankton [depthSurf] SSP585 2020-2100.";"Uses attributes recommended by https://cfconventions.org

cdm_data_type = Grid
VARIABLES (all of which use the dimensions [time][latitude][longitude]):
phyc_max (Maximum TotalPhytoplankton, MMol' 'M-3)
phyc_ltmax (Long-term maximum TotalPhytoplankton, MMol' 'M-3)
phyc_mean (Average TotalPhytoplankton, MMol' 'M-3)
phyc_ltmin (Long-term minimum TotalPhytoplankton, MMol' 'M-3)
phyc_min (Minimum TotalPhytoplankton, MMol' 'M-3)
phyc_range (Range TotalPhytoplankton, MMol' 'M-3)
phyc_sd (Standard deviation TotalPhytoplankton, MMol' 'M-3)
"
